longitude,latitude,housing_median_age,total_rooms,total_bedrooms,population,households,median_income,,ocean_proximity
-118.4,34.08,52,3815,439,1266,413,15.0001,,<1H OCEAN
-118.34,34.12,41,3257,679,1237,638,4.2415,,<1H OCEAN
-118.35,33.99,47,2183,380,927,371,4.9531,,<1H OCEAN
-120.41,34.88,4,3680,559,1678,569,5.0639,,<1H OCEAN
-118.25,33.91,36,1950,365,1125,374,3.1111,,<1H OCEAN
-117.72,34.03,17,2902,476,1652,479,5.6029,,INLAND
-117.29,33.2,16,2150,461,1428,407,2.4754,,NEAR OCEAN
-117.9,34.1,31,3007,653,1766,616,3.7083,,<1H OCEAN
-120.61,35.11,11,3733,831,1839,739,3.3062,,<1H OCEAN
-118.17,34.1,25,4444,647,1922,652,8.058,,<1H OCEAN
-122.14,37.9,32,5738,746,2099,732,10.3224,,NEAR BAY
-119.01,35.36,24,1941,484,1277,435,1.056,,INLAND
-114.57,33.57,20,1454,326,624,262,1.925,,INLAND
-118.16,34.17,52,1193,228,703,221,3.1741,,<1H OCEAN
-117.99,33.98,18,8399,1144,3727,1107,6.9695,,<1H OCEAN
-118.28,34.02,46,1098,426,1510,374,2.1382,,<1H OCEAN
-121.86,37.66,22,3634,664,1699,640,4.1597,,INLAND
-117.87,33.71,16,3397,686,1924,621,4.9148,,<1H OCEAN
-118.3,34.07,36,2657,738,2274,723,3.425,,<1H OCEAN
-122.02,37.32,27,4336,754,2009,734,6.3923,,<1H OCEAN
-118.3,34.05,34,1453,588,1987,589,2.096,,<1H OCEAN
-121.32,38,21,1795,482,1114,472,2.0091,,INLAND
-116.46,33.78,25,1137,414,604,240,1.3801,,INLAND
-118.32,34.19,37,1519,331,613,315,3.0179,,<1H OCEAN
-118.38,34.14,40,1965,354,666,357,6.0876,,<1H OCEAN
-118.38,33.83,35,2152,454,902,414,4.5179,,<1H OCEAN
-116.61,33.04,11,2522,538,616,269,3.875,,INLAND
-118.36,33.9,40,1271,276,725,234,5.0452,,<1H OCEAN
-118.01,33.9,36,1382,257,685,255,5.125,,<1H OCEAN
-122.68,38.44,29,2796,588,1346,562,2.9107,,<1H OCEAN
-121.86,37.41,16,2938,589,1718,568,5.5073,,<1H OCEAN
-122.87,38.39,34,1138,205,541,180,4.5147,,<1H OCEAN
-121.06,38.7,9,13255,1739,5001,1627,6.314,,INLAND
-122.45,37.81,52,1375,322,287,184,3.9028,,NEAR BAY
-118.29,33.88,32,2307,493,1754,528,4.317,,<1H OCEAN
-121.33,37.96,42,1619,340,906,339,2.5488,,INLAND
-117.32,34.09,30,1129,251,1034,237,2.3917,,INLAND
-117.32,34.1,27,2053,461,1737,463,3.1213,,INLAND
-120.65,35.27,15,2365,538,1446,490,2.5129,,NEAR OCEAN
-118.5,34.05,39,1487,163,414,160,15,,<1H OCEAN
-117.12,32.57,35,1450,256,930,286,2.6715,,NEAR OCEAN
-118.26,33.77,36,886,253,809,219,2.4545,,NEAR OCEAN
-117.09,32.71,29,2238,523,2061,504,2.5559,,NEAR OCEAN
-117.86,33.79,31,3523,922,2660,949,3.1792,,<1H OCEAN
-119.8,36.72,19,1334,336,1171,319,1.0481,,INLAND
-118.47,34.16,30,3823,740,1449,612,4.6,,<1H OCEAN
-118.31,33.96,43,2118,569,1266,500,1.747,,<1H OCEAN
-121.83,37.95,17,1133,244,716,235,2.875,,INLAND
-118.49,34.14,28,3539,441,1190,421,10.6796,,<1H OCEAN
-118.3,33.75,42,967,175,481,163,5.6611,,<1H OCEAN
-118.3,34.17,16,1353,398,1211,357,3.1551,,<1H OCEAN
-122.5,37.77,52,2299,441,1252,415,5.0562,,NEAR BAY
-117.28,34.09,44,376,,273,107,2.2917,,INLAND
-122.39,38,33,44,6,23,11,4.125,,NEAR BAY
-121.87,37.27,16,3298,451,1542,423,6.7064,,<1H OCEAN
-118.19,33.99,36,1273,379,1398,353,2.4516,,<1H OCEAN
-117.12,32.74,46,1898,441,978,439,3.2708,,NEAR OCEAN
-118.45,34.25,36,1453,270,808,275,4.3839,,<1H OCEAN
-119.15,36.29,18,1435,,657,254,2.4281,,INLAND
-118.3,34.06,33,2437,1283,3906,1084,2.0332,,<1H OCEAN
-118.22,34.08,31,394,117,573,131,1.8173,,<1H OCEAN
-120.93,37.67,6,3491,657,2075,644,3.3844,,INLAND
-119.8,36.02,20,156,39,171,37,3.05,,INLAND
-118.37,34.11,42,5518,979,1863,957,8.5842,,<1H OCEAN
-118.01,34.55,2,2701,530,1368,430,4.071,,INLAND
-119.49,37.1,24,2532,555,1564,507,2.3359,,INLAND
-122.83,38.96,15,1318,296,567,276,1.8692,,INLAND
-121.92,37.68,23,1655,223,706,219,7.2211,,<1H OCEAN
-118.37,33.93,46,442,88,255,94,4.4474,,<1H OCEAN
-121.36,38.39,10,5121,763,2568,758,5.2447,,INLAND
-122.2,39.52,39,2551,482,1181,437,2.0625,,INLAND
-118.23,34.24,31,3857,607,1695,572,7.642,,<1H OCEAN
-119.63,36.6,33,1589,294,1102,307,1.9676,,INLAND
-116.97,32.78,26,8902,1413,3941,1387,4.7943,,<1H OCEAN
-122.28,37.9,52,2003,250,658,244,10.0825,,NEAR BAY
-122.33,37.95,46,1543,339,777,322,4.0927,,NEAR BAY
-118.07,34.12,30,2201,559,1194,531,4.1136,,INLAND
-117.3,33.23,13,3619,791,1759,806,2.765,,<1H OCEAN
-115.56,32.78,29,1568,283,848,245,3.1597,,INLAND
-117.07,32.69,29,1429,293,1091,317,3.4609,,NEAR OCEAN
-122.04,37.31,29,2476,434,1217,416,6.2045,,<1H OCEAN
-118.08,33.98,36,1492,282,1041,270,4.0677,,<1H OCEAN
-118.21,34.65,17,4001,814,2313,756,3.0441,,INLAND
-117.15,32.74,26,3149,832,1320,808,3.0259,,NEAR OCEAN
-118.28,34.11,46,1156,203,514,213,4.2019,,<1H OCEAN
-121.32,37.94,36,40,10,64,14,2.625,,INLAND
-120.17,39.33,10,614,141,195,95,0.9283,,INLAND
-117.81,33.73,23,3056,556,1508,555,4.7273,,<1H OCEAN
-121.91,37.25,31,1944,343,975,334,4.9205,,<1H OCEAN
-122.34,37.95,44,1675,317,806,311,3.0694,,NEAR BAY
-119.9,37.49,13,2230,443,920,361,3,,INLAND
-122.07,37.08,21,5639,894,2670,871,6.0809,,NEAR OCEAN
-122.29,40.44,30,1270,365,840,324,1.3904,,INLAND
-122.42,37.62,36,1017,165,407,159,4.8,,NEAR OCEAN
-118.85,35.2,17,2783,678,2566,641,1.9907,,INLAND
-118.02,34.08,28,2769,631,2452,581,2.6071,,INLAND
-117.28,34.12,36,2991,822,2378,751,1.3571,,INLAND
-119.27,36.05,29,1016,174,481,140,2.2917,,INLAND
-117.15,33.7,2,6305,1265,2489,1152,3.1319,,INLAND
-119.65,36.33,52,1257,257,624,243,2.3523,,INLAND
-120.97,37.84,28,2368,430,1231,403,2.883,,INLAND
-122.62,38.24,33,1369,280,758,246,4.0341,,<1H OCEAN
-118.95,35.26,24,1341,214,667,184,4,,INLAND
-118.2,34.05,42,1703,586,2490,581,2.02,,<1H OCEAN
-117.18,33.16,15,5923,1206,3943,1006,3.1793,,<1H OCEAN
-121.79,37.32,20,3034,451,1669,430,6.2742,,<1H OCEAN
-116.89,33.92,10,2653,621,1967,598,2.6643,,INLAND
-122.23,39.75,16,2026,396,1031,382,1.9375,,INLAND
-117.07,32.69,28,1485,275,820,283,4.069,,NEAR OCEAN
-118.35,34.02,34,3978,1073,2725,1035,1.7622,,<1H OCEAN
-118.74,34.26,22,4337,673,2347,636,5.4091,,<1H OCEAN
-122.27,37.84,52,1688,337,853,325,2.1806,,NEAR BAY
-120.07,36.97,28,1563,403,1564,408,1.5662,,INLAND
-117.86,34.09,26,3408,542,1664,543,6.1498,,<1H OCEAN
-117.13,32.91,16,2715,581,1619,584,4,,<1H OCEAN
-118.55,34.19,18,5862,,3161,1280,3.1106,,<1H OCEAN
-118.04,33.81,27,2990,515,1849,497,5.6846,,<1H OCEAN
-121.48,38.56,50,1587,448,877,380,2.0833,,INLAND
-117.26,33.19,4,2342,595,1518,545,2.9469,,NEAR OCEAN
-118.09,33.96,20,1911,472,1407,465,2.7647,,<1H OCEAN
-122.16,37.47,44,2581,437,1006,414,5.397,,NEAR BAY
-117.28,34.51,10,4676,884,2845,812,3.0181,,INLAND
-121.53,39.52,30,1030,161,448,159,2.4821,,INLAND
-117.2,33.7,23,6323,1196,1984,1124,2.3276,,<1H OCEAN
-116.43,33.81,8,6710,1343,2069,781,3.5223,,INLAND
-117.13,32.8,33,2731,456,1263,445,4.5568,,NEAR OCEAN
-122.29,37.54,41,1743,349,811,349,4.9464,,NEAR OCEAN
-117.35,34.04,14,2991,522,1729,537,3.5139,,INLAND
-122.7,38.45,26,2011,557,855,530,1.125,,<1H OCEAN
-122.41,37.63,35,865,226,602,217,3,,NEAR OCEAN
-119.21,34.19,15,5614,989,2754,994,5.035,,NEAR OCEAN
-122.27,37.83,49,1655,366,754,329,1.375,,NEAR BAY
-118.74,34.05,19,3487,686,2782,584,7.9184,,NEAR OCEAN
-118.44,34.22,39,1529,344,913,314,3.325,,<1H OCEAN
-118.23,33.93,36,501,123,487,118,1.3,,<1H OCEAN
-118.52,34.18,46,2082,438,1047,393,3.6534,,<1H OCEAN
-117.15,34.06,25,3670,644,1815,634,4.0658,,INLAND
-118.46,34.29,24,3668,890,3151,810,3.0526,,<1H OCEAN
-124.09,40.88,26,2683,555,1353,526,2.4321,,NEAR OCEAN
-119.05,34.21,27,4357,926,2110,876,3.0119,,<1H OCEAN
-118.15,34.12,49,1789,288,848,311,6.0199,,<1H OCEAN
-121.93,37.93,16,2169,262,877,245,6.6049,,INLAND
-117.21,33.97,3,18356,2537,8437,2342,5.6409,,INLAND
-116.51,33.89,21,1284,306,537,233,1.95,,INLAND
-122.71,37.9,23,1250,257,437,188,3.115,,NEAR OCEAN
-118.29,34,44,1753,387,1165,380,2.1354,,<1H OCEAN
-118.35,34,30,1879,226,740,266,6.431,,<1H OCEAN
-122.44,37.77,52,3505,745,1374,714,4.3667,,NEAR BAY
-117.85,33.78,23,3187,870,1977,852,3.3939,,<1H OCEAN
-119.29,34.44,34,4314,878,2361,831,3.2279,,NEAR OCEAN
-118,33.97,30,6540,991,3124,953,6.0663,,<1H OCEAN
-121.9,37.28,34,4613,749,2050,725,5.3922,,<1H OCEAN
-122.17,37.73,46,2163,470,925,435,3.25,,NEAR BAY
-117.22,34.07,8,3065,692,1440,666,3.2368,,INLAND
-118.31,33.98,52,1837,426,1062,343,2,,<1H OCEAN
-117.67,33.55,6,3157,721,1695,710,3.7609,,<1H OCEAN
-116.95,33.76,10,6890,1702,3141,1451,1.7079,,INLAND
-123.2,39.13,26,1474,417,1065,401,1.375,,<1H OCEAN
-120.82,35.31,16,3924,699,1325,638,2.5172,,NEAR OCEAN
-118.34,34,49,2465,372,1018,359,4,,<1H OCEAN
-117.05,32.76,46,1887,359,795,358,3.25,,NEAR OCEAN
-118.3,33.87,27,3144,722,1510,680,3.1597,,<1H OCEAN
-118.12,33.83,45,1579,278,687,285,5.0424,,<1H OCEAN
-122.26,37.85,50,1120,283,697,264,2.125,,NEAR BAY
-118.42,34.01,42,1700,438,997,436,2.9213,,<1H OCEAN
-117.96,34.71,32,3511,646,1733,510,3.46,,INLAND
-115.49,32.69,17,1960,389,1691,356,1.899,,INLAND
-117.18,32.95,4,19001,2688,8980,2441,6.3237,,<1H OCEAN
-121.28,37.96,28,1942,724,1618,638,0.9365,,INLAND
-117.43,34.07,18,2453,537,1503,500,2.3768,,INLAND
-118.28,33.99,49,2174,481,1861,484,1.7159,,<1H OCEAN
-118.09,34.15,45,1345,356,749,327,2.8007,,INLAND
-117.65,33.65,15,3485,519,1740,485,6.7543,,<1H OCEAN
-118.09,34.17,36,2875,552,1131,458,4.3083,,INLAND
-117.03,32.79,26,3859,513,1469,538,5.8683,,<1H OCEAN
-121.23,37.96,44,2204,473,1277,435,1.5539,,INLAND
-118.29,33.91,28,1501,446,1028,418,2.3043,,<1H OCEAN
-122.32,37.95,37,1887,353,895,359,4.45,,NEAR BAY
-122.4,38.53,24,1741,289,564,231,3.6118,,INLAND
-121.06,38.88,17,7635,1284,3096,1227,4.2917,,INLAND
-118.28,33.98,47,865,193,782,217,2.2411,,<1H OCEAN
-117.25,33.36,6,3725,960,2833,915,2.3214,,<1H OCEAN
-119.78,36.86,10,2902,363,1200,363,8.3608,,INLAND
-117.69,33.65,16,5805,852,2356,795,6.1062,,<1H OCEAN
-124.15,40.78,41,2127,358,911,349,3.1711,,NEAR OCEAN
-120.71,37.39,40,680,160,785,175,2.6058,,INLAND
-119.71,34.41,18,1225,317,694,306,3.6823,,NEAR OCEAN
-120.35,37.95,13,2104,407,960,401,2.4,,INLAND
-122.34,41.06,33,2149,498,631,273,1.8816,,INLAND
-117.61,33.42,31,3959,856,1919,775,4.0313,,NEAR OCEAN
-122.01,37.83,30,3917,549,1330,544,6.5617,,NEAR BAY
-121.31,37.96,52,2654,468,1157,494,3.226,,INLAND
-118.13,33.79,20,6678,1797,3625,1599,3.7716,,NEAR OCEAN
-118.24,33.99,33,885,294,1270,282,2.1615,,<1H OCEAN
-121.78,37.67,28,1773,278,804,269,4.8571,,INLAND
-119.64,36.56,34,576,117,363,97,2.0658,,INLAND
-121.96,38.36,11,3208,790,1772,694,2.7434,,INLAND
-119.01,35.31,19,7092,1517,4101,1436,2.1006,,INLAND
-118.13,34.07,32,1880,428,1404,424,3.085,,<1H OCEAN
-115.64,32.75,19,377,69,198,55,1.625,,INLAND
-121.98,37.54,17,5133,1375,3386,1339,3.1326,,<1H OCEAN
-119.23,34.44,34,3193,664,1434,627,2.4777,,<1H OCEAN
-122.09,37.66,40,1340,313,766,271,3.4722,,NEAR BAY
-121.63,39.12,34,1991,348,804,344,3.4492,,INLAND
-121.85,37.41,25,1837,278,1006,271,6.6842,,<1H OCEAN
-118.04,33.99,47,2530,565,1262,509,3.6475,,<1H OCEAN
-119.83,36.79,35,1872,363,1054,369,3.3272,,INLAND
-118.36,33.94,38,2169,688,3036,639,2.3125,,<1H OCEAN
-117.7,33.92,4,8301,1333,3941,1236,6.2141,,<1H OCEAN
-118.06,33.8,20,1379,333,937,304,3.6217,,<1H OCEAN
-117.02,32.7,22,2756,516,1849,486,4.1837,,NEAR OCEAN
-117.17,32.72,44,626,256,572,229,1.5909,,NEAR OCEAN
-116.91,33.71,19,6807,1164,2703,1055,3.1591,,INLAND
-122.66,39.02,16,3715,810,943,510,1.7446,,INLAND
-118.36,33.85,34,1086,197,509,158,6.1133,,<1H OCEAN
-117.31,34.08,40,2011,495,1528,469,1.9375,,INLAND
-122.09,37.63,35,1213,221,790,243,4.7019,,NEAR BAY
-119.83,34.45,24,2168,373,934,366,5.4197,,NEAR OCEAN
-123.1,38.79,20,3109,712,1643,638,2.8344,,<1H OCEAN
-118.2,33.81,46,1388,254,742,241,4.6458,,NEAR OCEAN
-122.49,38.27,8,5092,988,1657,936,3.5625,,NEAR BAY
-120.39,37.98,52,1056,274,584,255,2.1513,,INLAND
-121.64,36.66,24,3174,506,1466,535,5.2285,,<1H OCEAN
-118.34,34.04,42,1681,360,987,337,2.6,,<1H OCEAN
-122.13,37.76,26,3266,491,1222,533,5.37,,NEAR BAY
-122,37.33,30,4033,794,1788,807,5.6932,,<1H OCEAN
-117.94,33.84,25,4016,831,2166,774,3.1884,,<1H OCEAN
-116.39,33.72,19,7646,1618,2496,1075,3.5569,,INLAND
-121.75,36.95,27,1580,303,1066,306,4.7071,,<1H OCEAN
-117.13,32.74,46,3355,768,1457,708,2.6604,,NEAR OCEAN
-122.49,38.22,33,1486,290,781,274,3.5647,,NEAR BAY
-121.9,36.58,31,1431,,704,393,3.1977,,NEAR OCEAN
-118.46,34.03,27,1965,631,1042,596,2.75,,<1H OCEAN
-117.13,32.72,9,2436,720,1780,653,1.8299,,NEAR OCEAN
-121.19,38.04,35,703,117,290,107,3.225,,INLAND
-122.04,37.33,26,2690,401,1264,429,7.7643,,<1H OCEAN
-122.05,37.34,34,2515,401,1079,399,7.7865,,<1H OCEAN
-120.44,34.96,30,1685,315,1290,368,3.4722,,<1H OCEAN
-121.75,37.35,18,1947,250,605,184,8.1871,,<1H OCEAN
-117.25,32.79,37,1467,442,651,354,2.375,,NEAR OCEAN
-118.35,34.16,45,1390,281,538,270,4.2212,,<1H OCEAN
-120.64,40.41,50,1741,424,987,383,1.5066,,INLAND
-122.54,38.36,40,2725,531,1167,458,3.7969,,<1H OCEAN
-116.47,33.84,3,9169,1512,3838,1270,4.3111,,INLAND
-117.04,32.55,15,2206,648,2511,648,1.6348,,NEAR OCEAN
-121.47,38.51,52,20,4,74,9,3.625,,INLAND
-118.37,34.18,42,1140,300,643,252,3.3958,,<1H OCEAN
-119.81,36.28,24,544,112,442,106,3.1071,,INLAND
-120.2,34.63,14,2647,515,1487,488,4.4519,,NEAR OCEAN
-122.13,37.7,21,4124,1054,2162,998,2.6321,,NEAR BAY
-121.3,38.13,27,1004,192,470,192,2.8942,,INLAND
-117.16,34.08,9,5306,993,2630,925,4.51,,INLAND
-118.19,34.08,38,1241,298,1055,263,2.3409,,<1H OCEAN
-118.22,33.8,33,1984,477,1764,440,3.875,,NEAR OCEAN
-122.44,37.8,52,3830,,1310,963,3.4801,,NEAR BAY
-117.83,33.81,28,1972,315,970,326,5.4298,,<1H OCEAN
-121.28,38.64,24,3459,573,1336,544,4.8661,,INLAND
-118.25,34.07,47,2059,618,2033,544,1.9028,,<1H OCEAN
-118.48,34.21,25,2879,723,2077,649,3.3864,,<1H OCEAN
-118.29,34.09,35,2198,998,3441,912,2.0467,,<1H OCEAN
-117.22,32.75,26,696,185,384,184,2.6121,,NEAR OCEAN
-118.18,34.09,44,1688,426,1605,384,3.3785,,<1H OCEAN
-117.81,33.66,20,2851,490,1192,463,5.8752,,<1H OCEAN
-121.51,38.53,36,2603,408,966,419,5.3135,,INLAND
-121.02,36.24,12,2198,507,1971,502,2.6801,,<1H OCEAN
-118.24,34.13,45,2170,401,1043,394,5.6921,,<1H OCEAN
-117.96,33.82,29,2176,468,1632,428,3.707,,<1H OCEAN
-121.83,39.74,34,3263,604,1290,594,2.575,,INLAND
-118.46,34.01,46,1379,239,688,269,6.8901,,<1H OCEAN
-121.33,37.97,36,1953,492,999,371,2.0043,,INLAND
-118.3,33.89,37,2132,565,1369,565,3.285,,<1H OCEAN
-118.05,33.78,25,3112,435,1098,401,6,,<1H OCEAN
-120.65,38.42,23,1538,305,730,267,2.6078,,INLAND
-120.27,37.12,42,1142,236,597,210,1.7279,,INLAND
-118.03,34.1,32,2668,609,1512,541,2.9422,,INLAND
-120.82,37.05,15,1385,288,775,255,1.933,,INLAND
-123.71,39.88,42,1518,383,656,303,1.4952,,NEAR OCEAN
-117.13,32.7,48,786,230,917,231,1.875,,NEAR OCEAN
-114.61,33.62,16,1187,261,1115,242,2.1759,,INLAND
-118.35,34.01,35,3776,,1583,749,3.5486,,<1H OCEAN
-118.04,33.85,23,3132,469,1646,478,5.777,,<1H OCEAN
-118.32,34.2,36,2110,346,984,342,6.9909,,<1H OCEAN
-118.36,34.16,32,2455,556,989,493,4.0764,,<1H OCEAN
-118.14,34.68,25,1703,342,775,309,4.5455,,INLAND
-118.5,33.97,29,2737,808,1157,696,5.128,,<1H OCEAN
-118.11,33.92,32,1016,190,729,177,4.3,,<1H OCEAN
-122.14,37.68,31,3184,716,1561,628,2.7955,,NEAR BAY
-118.35,33.99,48,2741,439,1115,459,5.0514,,<1H OCEAN
-121.88,37.43,31,2573,474,1898,475,5.6651,,<1H OCEAN
-121.03,39.14,10,3138,524,1275,511,4.0775,,INLAND
-118.04,34.1,38,2317,451,1155,426,4.1488,,INLAND
-118.1,34.06,36,1463,369,1492,366,3.25,,<1H OCEAN
-121.31,38.62,31,3114,430,1121,456,6.244,,INLAND
-118.42,33.75,22,17591,2604,6897,2492,8.2831,,NEAR OCEAN
-117.06,32.64,30,4494,667,1883,680,5.766,,NEAR OCEAN
-117.83,33.77,26,4931,853,2249,818,4.275,,<1H OCEAN
-121.99,37.54,18,3584,715,1673,661,3.9444,,<1H OCEAN
-118.14,34.06,27,5257,1082,3496,1036,3.3906,,<1H OCEAN
-121.96,37.31,31,3890,711,1898,717,5.2534,,<1H OCEAN
-117.83,33.79,29,1454,236,724,262,4.8542,,<1H OCEAN
-121.16,41.78,42,2918,576,1182,440,2.1434,,INLAND
-118.04,34.07,52,177,59,269,75,2.3611,,<1H OCEAN
-122.07,37.58,16,1606,240,1117,268,6.0661,,NEAR BAY
-117.15,32.72,51,1321,,781,499,1.3071,,NEAR OCEAN
-117.24,34.04,4,4289,682,1981,705,5.3366,,INLAND
-120.02,36.8,25,1270,255,1050,245,2.1618,,INLAND
-121.98,37.8,17,3354,422,1457,425,7.6473,,<1H OCEAN
-117.67,33.51,18,1645,393,1490,355,3.4792,,<1H OCEAN
-117.56,34.12,4,6956,1271,3455,1228,4.7193,,INLAND
-121.31,38.66,26,1604,245,751,267,4.7381,,INLAND
-117.07,32.8,36,2028,349,820,352,3.9828,,<1H OCEAN
-122.41,37.79,52,6016,2509,3436,2119,2.5166,,NEAR BAY
-117.71,33.62,22,2520,387,1338,391,5.8898,,<1H OCEAN
-122.11,37.7,19,2693,789,1765,724,2.4206,,NEAR BAY
-119.32,36.2,25,1427,246,772,221,2.2262,,INLAND
-116.67,32.97,16,349,74,120,43,5.359,,<1H OCEAN
-118.11,33.89,35,1139,197,772,233,4.375,,<1H OCEAN
-119.06,34.23,29,3511,632,2591,596,3.0219,,<1H OCEAN
-117.26,34.53,10,3103,520,1283,464,3.071,,INLAND
-120.45,34.94,26,1058,232,891,243,3.6422,,<1H OCEAN
-117.23,32.72,38,2827,581,972,558,3.2361,,NEAR OCEAN
-119.35,36.42,18,1115,193,1742,176,2.7969,,INLAND
-118.46,34.04,17,2729,897,1404,758,3.1235,,<1H OCEAN
-118.04,33.93,35,1805,387,1505,366,4.1667,,<1H OCEAN
-118.3,34,52,1718,354,1026,312,2,,<1H OCEAN
-117.81,33.75,23,3498,636,1574,642,5.021,,<1H OCEAN
-121.09,38.19,23,762,140,358,141,2.4545,,INLAND
-118.08,34.12,27,1685,341,757,317,4.2434,,<1H OCEAN
-115.49,32.67,25,2322,573,2185,602,1.375,,INLAND
-121.42,38.6,23,3713,1078,2194,1018,1.7451,,INLAND
-118.16,33.92,44,1368,277,899,271,3.5938,,<1H OCEAN
-117.03,32.72,38,886,176,505,188,3.5938,,NEAR OCEAN
-118.09,33.84,23,4412,910,2380,825,4.54,,<1H OCEAN
-124.08,40.94,18,1550,345,941,335,2.3147,,NEAR OCEAN
-117.31,34.51,18,2704,698,1611,597,2.0243,,INLAND
-119.54,36.52,16,2703,415,1106,372,4.2045,,INLAND
-117.65,33.58,2,2411,354,703,217,7.8061,,<1H OCEAN
-119.63,36.32,36,1518,287,749,255,2.2333,,INLAND
-117.75,34.06,52,62,9,44,16,0.4999,,INLAND
-117.13,32.75,50,1476,354,698,354,3,,NEAR OCEAN
-117.55,34,17,3583,700,1587,719,2.6979,,INLAND
-122.46,37.73,52,2401,346,812,328,6.8322,,NEAR BAY
-117.67,33.49,10,366,61,128,61,8.163,,<1H OCEAN
-117.84,33.66,5,1688,430,857,402,3.7857,,<1H OCEAN
-117.34,33.98,10,17286,4952,9851,4616,1.7579,,INLAND
-117.28,32.73,44,1934,325,783,316,4.8684,,NEAR OCEAN
-117.15,32.76,37,1921,502,811,472,2.75,,NEAR OCEAN
-122.72,38.43,31,2020,476,1408,437,2.5735,,<1H OCEAN
-122.49,38,26,48,8,19,8,7.7197,,NEAR BAY
-122.03,37.93,21,4712,624,1773,615,6.0918,,NEAR BAY
-118.34,34.19,48,814,165,490,176,3.1406,,<1H OCEAN
-119.69,36.46,29,1702,301,914,280,2.8125,,INLAND
-117.83,33.68,4,3226,838,1666,800,4.1652,,<1H OCEAN
-117.91,33.6,37,2088,510,673,390,5.1048,,<1H OCEAN
-122,38.35,34,432,65,208,71,5.5435,,INLAND
-118.34,33.86,35,1936,343,1008,346,5.4791,,<1H OCEAN
-118.49,34.19,23,2087,571,1809,553,3.1667,,<1H OCEAN
-120.93,39.9,20,1511,328,791,320,2.0221,,INLAND
-121.84,37.29,24,3403,656,2829,612,4.775,,<1H OCEAN
-118.08,34.14,42,2690,589,1149,535,3.88,,INLAND
-118.06,33.78,22,4048,562,1637,541,7.3463,,<1H OCEAN
-118.1,33.84,36,1915,316,850,319,4.7222,,<1H OCEAN
-120.64,35.65,9,3466,673,2356,619,2.9926,,<1H OCEAN
-118.39,34.16,37,1388,286,547,258,5.1584,,<1H OCEAN
-121.94,37.25,16,3942,749,1894,737,5.2894,,<1H OCEAN
-117.93,33.72,17,4461,585,2095,580,7.6709,,<1H OCEAN
-118.34,34.04,35,2345,607,2042,565,2.5955,,<1H OCEAN
-118.16,34.03,41,1377,293,1142,272,3.1724,,<1H OCEAN
-117.72,33.53,14,1672,295,704,293,5.1129,,<1H OCEAN
-117.67,34.05,6,2833,628,1717,589,3.2062,,INLAND
-122.44,37.75,52,3114,637,1144,591,4,,NEAR BAY
-121.3,38.69,13,2135,429,779,432,3.6995,,INLAND
-117.66,33.65,13,8527,1364,4597,1393,6.2242,,<1H OCEAN
-120.77,38.38,15,4221,816,1737,743,2.3125,,INLAND
-121.76,36.91,23,1276,437,1359,376,1.9609,,<1H OCEAN
-118.49,34.24,34,1971,316,917,307,6.0965,,<1H OCEAN
-118.2,34.12,52,1580,426,1462,406,3.3326,,<1H OCEAN
-117.22,32.81,24,730,196,335,203,3.5078,,NEAR OCEAN
-117,32.8,29,2045,398,912,368,3.0189,,<1H OCEAN
-118.35,33.9,25,3309,902,2299,837,3.0417,,<1H OCEAN
-121.88,37.4,9,6751,,4240,1438,5.34,,<1H OCEAN
-118.05,34.14,39,2125,295,862,303,8.9728,,INLAND
-118.96,35.37,32,1025,259,874,236,1.9612,,INLAND
-122.37,40.54,28,2213,390,1096,378,3.6923,,INLAND
-122.49,37.59,35,2683,475,1498,484,5.1282,,NEAR OCEAN
-121.58,39.79,19,2636,523,1184,465,2.7863,,INLAND
-118.36,34.06,39,2810,670,1109,624,3.25,,<1H OCEAN
-122.45,37.69,17,2359,501,884,504,3.0625,,NEAR OCEAN
-117.11,32.79,16,2574,771,1129,721,3.3849,,NEAR OCEAN
-117.68,33.57,2,10008,1453,3550,1139,10.1122,,<1H OCEAN
-121.64,36.72,17,4203,816,2900,827,4.1742,,<1H OCEAN
-117.33,34.13,30,2335,363,1214,311,2.2449,,INLAND
-118.35,33.98,33,1884,477,1518,449,3.1194,,<1H OCEAN
-121.06,40.23,23,1127,225,215,85,3.4844,,INLAND
-122.68,38.44,36,1311,259,648,268,3.4545,,<1H OCEAN
-120,36.7,33,1902,370,1168,358,2.6852,,INLAND
-117.96,34.08,28,2831,552,2330,557,3.9741,,<1H OCEAN
-117.67,33.61,24,3859,661,1972,624,5.7871,,<1H OCEAN
-117.69,34.07,35,3222,559,1970,550,3.7083,,INLAND
-118.12,34.04,35,1038,209,598,190,5.9214,,<1H OCEAN
-124.1,40.88,35,2987,578,1581,585,2.0657,,NEAR OCEAN
-119.35,35.59,14,2719,502,1497,457,3.176,,INLAND
-117.67,33.64,11,2722,554,1565,508,5.1645,,<1H OCEAN
-121.99,37.34,27,3353,653,1571,621,5.273,,<1H OCEAN
-117.76,33.87,16,3973,595,1971,575,6.4265,,<1H OCEAN
-122.17,38.07,15,2125,278,857,272,6.4599,,NEAR BAY
-122.5,37.76,52,2018,422,1142,463,3.7083,,NEAR OCEAN
-117.77,33.54,28,3404,497,1134,466,7.2217,,<1H OCEAN
-117.27,34.24,34,3687,756,941,367,2.875,,INLAND
-119.81,36.83,19,6789,1200,2325,1109,4.049,,INLAND
-122.23,40.2,17,762,138,322,139,4.2917,,INLAND
-122.27,37.84,52,2436,541,1015,478,1.725,,NEAR BAY
-118.18,33.83,39,3622,745,1330,648,3.3125,,NEAR OCEAN
-120.38,36.15,17,2279,448,1200,420,2.7461,,INLAND
-122.8,38.37,26,1634,315,909,317,4.1731,,<1H OCEAN
-118.28,34.05,41,1788,774,2931,702,1.4413,,<1H OCEAN
-117.21,34.12,32,1677,354,1021,339,3.6853,,INLAND
-117.08,32.62,28,2468,506,1353,522,3.0771,,NEAR OCEAN
-117.69,34.01,30,2598,573,2170,518,2.3,,INLAND
-122.12,37.82,26,2269,317,918,313,6.6657,,NEAR BAY
-117.21,32.75,15,1716,702,914,672,1.0612,,NEAR OCEAN
-122.09,37.41,8,1480,414,856,445,2.8203,,NEAR BAY
-117.05,33.13,20,7746,2035,5370,1838,2.3762,,<1H OCEAN
-121.82,37.24,20,3671,567,1944,589,6.0538,,<1H OCEAN
-119.04,36.07,17,2623,659,1912,618,1.5893,,INLAND
-118.18,33.98,30,1735,573,2237,545,2.3444,,<1H OCEAN
-121.46,38.61,43,705,178,464,159,2.4205,,INLAND
-122.42,37.8,52,3067,870,2122,850,2.5603,,NEAR BAY
-121.2,38.28,20,1732,307,999,305,3.9808,,INLAND
-117.65,34.04,15,3393,,2039,611,3.9336,,INLAND
-122.64,38.48,19,3244,449,1174,454,5.8369,,<1H OCEAN
-117.78,34.11,23,7079,1381,3205,1327,3.0735,,INLAND
-118.87,35.65,33,1504,325,584,223,3.4792,,INLAND
-121.62,36.71,24,4195,706,2200,647,4.3451,,<1H OCEAN
-121.78,36.93,21,2794,662,2236,565,2.4053,,<1H OCEAN
-122.04,37.89,33,2423,322,998,346,7.5349,,NEAR BAY
-117.38,34.11,36,1497,264,894,275,3.3066,,INLAND
-119.95,36.96,18,1996,379,1327,356,2.6087,,INLAND
-122,39.94,27,852,176,464,148,1.7125,,INLAND
-122.4,37.73,42,1413,406,1027,362,2.3625,,NEAR BAY
-118.97,35.41,36,1896,315,937,303,3.996,,INLAND
-121.42,38.62,41,1087,272,462,219,2.0224,,INLAND
-117.13,32.76,29,2568,682,1191,642,2.1094,,NEAR OCEAN
-122,38.35,34,1084,187,561,198,4.2115,,INLAND
-118.35,34.07,52,2497,406,1030,412,4.89,,<1H OCEAN
-118.85,34.18,11,5873,1455,3089,1365,3.5504,,<1H OCEAN
-118.32,33.94,37,1487,296,863,291,3.1563,,<1H OCEAN
-122.44,37.77,52,5604,1268,2023,1196,4.4085,,NEAR BAY
-118.44,34.28,46,11,11,24,13,2.875,,<1H OCEAN
-117.06,32.57,18,1384,311,1429,287,1.3362,,NEAR OCEAN
-120.46,34.64,11,562,164,504,147,2.0161,,NEAR OCEAN
-121.74,38.55,33,6861,1820,3717,1767,1.7311,,INLAND
-117.69,34.06,29,873,226,649,198,2.7986,,INLAND
-118.31,33.92,35,1307,246,672,219,4.8456,,<1H OCEAN
-122.94,38.49,37,3169,719,777,344,2.7072,,<1H OCEAN
-121.88,37.34,40,1547,625,1493,543,1.2887,,<1H OCEAN
-122.42,37.75,52,1207,302,1008,269,3.3816,,NEAR BAY
-121.99,37.27,21,1214,192,500,185,7.598,,<1H OCEAN
-122.15,37.72,31,1616,372,739,379,2.9097,,NEAR BAY
-122.81,38.08,19,1615,366,815,337,3.4609,,NEAR OCEAN
-118.41,34,18,1307,441,884,456,2.9338,,<1H OCEAN
-118.34,33.91,8,3937,1404,2691,1142,2.4741,,<1H OCEAN
-119.48,36.5,32,3451,625,1968,574,2.9554,,INLAND
-117.29,33.24,5,3109,634,1823,578,3.1875,,<1H OCEAN
-122.91,39.17,44,202,42,142,39,4.35,,INLAND
-122.52,37.95,37,350,57,179,69,6.2862,,NEAR BAY
-118.44,34.17,29,2685,642,1085,599,3.2763,,<1H OCEAN
-122.78,38.44,14,4143,656,1569,629,3.9766,,<1H OCEAN
-118.29,34.17,12,2238,682,1882,611,2.9,,<1H OCEAN
-121.96,37.27,31,3347,589,1566,597,5.5151,,<1H OCEAN
-117.14,33.39,17,2889,587,1931,510,3.8547,,<1H OCEAN
-116.88,34.24,13,4137,796,573,218,4.6394,,INLAND
-117.87,33.88,28,2612,602,1682,563,3.6417,,<1H OCEAN
-120.44,37.28,12,2855,598,1658,586,2.3929,,INLAND
-117.75,34.06,44,477,135,502,117,2.0156,,INLAND
-118.14,33.76,37,3242,698,1080,629,3.901,,NEAR OCEAN
-118.05,34.08,25,4909,1422,4983,1293,2.7254,,<1H OCEAN
-121.43,38.54,42,3321,688,1346,658,2.4618,,INLAND
-122.18,38.23,21,2475,341,812,308,7.2589,,NEAR BAY
-118.34,33.99,48,2225,433,1170,401,2.9643,,<1H OCEAN
-118.18,33.88,42,2326,503,1832,501,3.1713,,<1H OCEAN
-119.46,36.61,13,1348,258,719,246,3.625,,INLAND
-122.41,37.79,52,5783,2747,4518,2538,1.724,,NEAR BAY
-117.88,33.82,17,2247,705,1382,618,3.8631,,<1H OCEAN
-118.19,34.04,39,1074,323,1613,308,2.3015,,<1H OCEAN
-118.29,33.98,44,2261,555,1348,455,1.9125,,<1H OCEAN
-116.37,33.69,7,8806,1542,858,448,7.8005,,INLAND
-117.65,34.04,28,2360,607,2623,592,2.5048,,INLAND
-117.81,33.67,24,3930,661,1831,616,6.3767,,<1H OCEAN
-115.54,32.79,23,1712,403,1370,377,1.275,,INLAND
-118.25,33.97,32,879,257,1057,230,1.6776,,<1H OCEAN
-120.95,38.69,10,3421,563,1689,545,5.2032,,INLAND
-121.02,39.27,52,3720,707,1424,609,3.2,,INLAND
-121.03,39.21,28,2843,535,1310,525,3.2337,,INLAND
-118.24,33.92,44,1079,210,601,182,2.2411,,<1H OCEAN
-118.31,34.1,40,4984,2158,4828,2028,1.6903,,<1H OCEAN
-122,37.84,16,7681,946,2777,908,9.5271,,<1H OCEAN
-122.21,37.47,33,1266,415,1991,334,2.92,,NEAR OCEAN
-121.6,37.9,5,14684,2252,4276,1722,6.9051,,INLAND
-117.34,34,27,321,64,214,67,3.175,,INLAND
-118.27,33.97,39,2569,688,2601,630,2.0754,,<1H OCEAN
-117.98,33.7,17,1997,340,952,341,4.4148,,<1H OCEAN
-121.57,39.5,31,2023,469,1073,436,1.5714,,INLAND
-115.49,32.67,24,1266,275,1083,298,1.4828,,INLAND
-118.2,33.87,26,703,202,757,212,2.525,,<1H OCEAN
-117.47,33.92,18,3869,773,2500,726,3.6583,,INLAND
-118.21,33.9,43,1810,357,1335,358,3.1189,,<1H OCEAN
-117.82,33.67,17,2895,439,1588,450,6.276,,<1H OCEAN
-118.41,33.97,37,1629,275,668,266,6.1333,,<1H OCEAN
-119.34,35.6,33,2143,488,1732,509,1.9362,,INLAND
-119.5,34.35,39,308,38,59,21,11.7794,,NEAR OCEAN
-118.14,33.78,44,2101,496,1038,500,3.108,,NEAR OCEAN
-122.1,40.05,26,633,129,305,140,2.1827,,INLAND
-117.93,33.87,10,1277,488,730,417,1.4803,,<1H OCEAN
-117.23,32.78,35,1649,355,746,360,4.6293,,NEAR OCEAN
-120.74,39.39,18,453,117,152,77,1.3523,,INLAND
-117.7,33.57,4,3283,911,1512,782,3.3125,,<1H OCEAN
-122.47,37.78,52,2275,412,1166,424,4.0652,,NEAR BAY
-118.37,36.19,10,443,111,48,21,3.125,,INLAND
-118.75,34.18,4,16704,2704,6187,2207,6.6122,,NEAR OCEAN
-122.04,36.95,36,1862,364,1080,364,4.4567,,NEAR OCEAN
-118.4,34.06,52,2501,362,748,349,6.6343,,<1H OCEAN
-122.37,37.59,39,4645,1196,2156,1113,3.4412,,NEAR OCEAN
-117.64,33.87,2,17470,2727,5964,1985,6.2308,,<1H OCEAN
-118.19,33.89,38,4018,986,3702,927,2.9293,,<1H OCEAN
-118.22,33.92,32,1263,333,1789,346,1.9957,,<1H OCEAN
-120.95,35.44,30,6346,1410,1769,887,2.6864,,NEAR OCEAN
-122.07,37.33,13,2173,349,891,345,8.0158,,<1H OCEAN
-120.68,37.47,33,1028,226,658,197,2.3043,,INLAND
-118.4,33.88,36,3022,482,1278,494,7.2651,,<1H OCEAN
-122.39,40.52,24,2068,346,951,332,3.9306,,INLAND
-118.23,34.1,46,2483,587,2121,553,2.2788,,<1H OCEAN
-122.43,37.81,52,4309,942,1297,798,4.6781,,NEAR BAY
-119.71,36.81,19,2282,550,1034,500,1.6618,,INLAND
-121.9,36.61,29,3412,827,1574,759,2.9309,,NEAR OCEAN
-118.26,33.88,40,519,102,330,95,3.0972,,<1H OCEAN
-122.49,37.54,15,3456,545,1527,535,6.3256,,NEAR OCEAN
-115.88,32.93,15,208,49,51,20,4.0208,,INLAND
-117.34,33.89,17,2678,394,1225,367,5.363,,INLAND
-117.2,34.14,18,1920,333,890,323,5.159,,INLAND
-119.9,36.58,20,1935,363,1319,359,2.4814,,INLAND
-117.99,33.72,14,2127,537,1338,475,3.628,,<1H OCEAN
-122.12,37.4,32,3514,473,1583,480,10.3894,,NEAR BAY
-117.87,33.89,25,1142,162,486,150,7.1472,,<1H OCEAN
-121.76,37,21,1416,269,779,200,3.1987,,<1H OCEAN
-117.34,34.13,29,331,85,341,107,0.7069,,INLAND
-117.06,32.58,11,2879,679,2098,673,3.5125,,NEAR OCEAN
-122.1,39.47,43,1320,215,512,197,2.4917,,INLAND
-117.3,33.06,31,2128,520,1049,485,4.027,,NEAR OCEAN
-117.67,34.04,13,2295,374,1284,378,5.2551,,INLAND
-116.05,34.12,19,301,65,150,56,3.125,,INLAND
-122.48,37.76,52,3260,653,1594,632,4.4094,,NEAR BAY
-117.16,32.73,52,1863,559,906,493,1.9203,,NEAR OCEAN
-117.51,33.88,24,3044,602,2541,564,4.131,,INLAND
-122.48,37.75,52,2074,401,1136,409,4.7703,,NEAR BAY
-120,38.92,26,529,116,191,83,3.5,,INLAND
-118.35,33.74,25,8272,1132,3392,1132,10.0973,,NEAR OCEAN
-117.24,32.8,18,2205,661,874,580,3.8018,,NEAR OCEAN
-121.63,39.15,16,1547,418,940,400,1.5613,,INLAND
-121.59,39.82,12,1958,369,875,354,2.3507,,INLAND
-118.86,34.22,26,1932,280,886,289,5.0855,,<1H OCEAN
-118.36,33.92,26,3695,1144,2308,1009,2.6667,,<1H OCEAN
-122.49,37.78,47,2695,643,1505,644,3.0877,,NEAR BAY
-118.45,34.03,41,2083,528,993,481,4.0231,,<1H OCEAN
-122.56,38.41,20,1151,211,478,183,5.93,,<1H OCEAN
-118.54,34.23,29,1753,342,1318,333,4.125,,<1H OCEAN
-118.32,33.92,35,1281,219,710,184,4.8304,,<1H OCEAN
-117.31,33.75,19,3173,678,2204,606,2.1484,,<1H OCEAN
-119.81,36.78,35,1012,245,633,240,2.0324,,INLAND
-121.11,37.47,12,2263,410,913,330,3.5795,,INLAND
-122.28,37.82,52,1387,341,1074,304,1.2171,,NEAR BAY
-118.8,34.19,4,15572,2222,5495,2152,8.6499,,<1H OCEAN
-121.92,37.29,32,1260,199,560,207,6.5858,,<1H OCEAN
-122.03,38.24,16,1104,164,495,156,5.4074,,INLAND
-118.28,34.09,49,3828,1197,2862,1009,2.4677,,<1H OCEAN
-120.56,38.48,14,3545,702,946,411,3.4609,,INLAND
-122.26,37.85,52,2643,626,1212,620,1.9167,,NEAR BAY
-118.39,33.71,18,1193,233,475,228,7.5594,,NEAR OCEAN
-121.34,38.59,23,2912,421,1132,410,5.9174,,INLAND
-123.22,39.16,29,6121,1222,3595,1189,2.631,,<1H OCEAN
-121.52,39.12,37,102,17,29,14,4.125,,INLAND
-121.03,37.68,20,3204,625,2016,605,2.6567,,INLAND
-121.45,38.54,38,1865,384,1052,354,1.7891,,INLAND
-122.04,37.94,24,5732,873,2444,888,5.6292,,NEAR BAY
-121.81,38.45,24,1951,341,1140,338,3.7061,,INLAND
-118.35,33.9,31,1547,,956,287,3.4698,,<1H OCEAN
-119.72,34.42,31,1524,383,1257,398,2.6019,,NEAR OCEAN
-122.29,37.94,20,7578,1426,3637,1362,4.4387,,NEAR BAY
-117.27,33.22,5,2283,337,999,325,5.0249,,<1H OCEAN
-121.64,39.15,15,2659,396,1159,407,5.234,,INLAND
-117.69,33.51,4,1223,275,505,244,4.6607,,<1H OCEAN
-120.76,38.65,17,2319,430,1126,372,3.5511,,INLAND
-121.51,38.54,34,2815,479,1075,471,3.9792,,INLAND
-122.07,38.26,15,1173,146,450,154,6.0487,,INLAND
-118.25,34.12,11,1281,418,1584,330,2.8889,,<1H OCEAN
-119.3,38.26,19,3325,660,750,286,2.9509,,INLAND
-117.34,33.16,24,1006,277,610,246,2.25,,NEAR OCEAN
-118.27,33.82,39,1357,249,763,229,4.25,,<1H OCEAN
-119.74,34.43,26,3119,562,1459,562,5.0434,,NEAR OCEAN
-118.17,33.95,23,1991,584,1380,535,1.9107,,<1H OCEAN
-118.15,34.02,43,2172,605,2386,597,2.8239,,<1H OCEAN
-118.23,34.18,45,2332,,943,339,8.1132,,<1H OCEAN
-118.21,33.8,44,1387,280,984,302,4.25,,NEAR OCEAN
-117.76,33.53,18,3224,561,1310,580,8.4614,,<1H OCEAN
-121.96,38.02,35,2691,542,1409,505,3.016,,INLAND
-121.91,37.42,19,1684,387,1224,376,4.1389,,<1H OCEAN
-117.95,33.94,28,2851,496,1287,496,5.0782,,<1H OCEAN
-118.27,33.81,42,865,208,811,218,3.8621,,<1H OCEAN
-119.79,36.32,19,3252,614,1971,607,3.0667,,INLAND
-117.31,34.09,34,1336,345,1009,311,1.608,,INLAND
-122.06,37.73,5,3596,467,1738,512,7.0568,,NEAR BAY
-118.42,34.24,35,1507,281,1025,286,4.5833,,<1H OCEAN
-122.19,37.75,36,1126,263,482,150,1.9167,,NEAR BAY
-117.88,34.1,32,3357,621,1696,604,4.2685,,<1H OCEAN
-117.69,33.55,4,1764,220,705,224,8.3275,,<1H OCEAN
-116.94,32.83,38,1701,317,872,304,3.7831,,<1H OCEAN
-121.97,36.97,24,3665,870,1954,833,2.8036,,NEAR OCEAN
-119.06,35.33,14,5264,1064,3278,1049,3.8117,,INLAND
-122.29,37.86,52,1665,404,815,372,1.9946,,NEAR BAY
-118.43,34.29,38,1237,298,1073,293,3.6726,,<1H OCEAN
-123.25,38.54,27,3658,764,1278,518,3.3536,,NEAR OCEAN
-117.25,32.73,39,1688,256,635,272,4.5938,,NEAR OCEAN
-117.88,33.85,26,3924,781,2332,725,3.7772,,<1H OCEAN
-118.09,33.81,36,1371,250,666,257,5.0795,,<1H OCEAN
-122.02,37.38,43,1261,317,836,333,4.0911,,<1H OCEAN
-120.85,37.49,42,264,72,310,70,1.4063,,INLAND
-121.02,37.62,30,1721,399,1878,382,2.5363,,INLAND
-118.18,34.03,26,859,255,835,232,1.1929,,<1H OCEAN
-121.13,38.66,2,12360,1747,4438,1470,6.2503,,INLAND
-117.21,32.8,34,1398,222,532,244,3.7102,,NEAR OCEAN
-124.17,40.79,43,2285,479,1169,482,1.9688,,NEAR OCEAN
-122.18,37.76,52,754,175,447,165,3.9063,,NEAR BAY
-119.23,35.78,8,1612,343,1230,330,2.1806,,INLAND
-120.25,37.11,20,2062,466,1285,456,1.5319,,INLAND
-119.98,38.93,25,1262,293,534,226,2.6607,,INLAND
-121.18,37.96,35,411,74,193,59,2.5625,,INLAND
-117.86,34.1,29,1185,197,588,196,5.0832,,<1H OCEAN
-118.24,33.96,34,1724,432,1876,416,2.1078,,<1H OCEAN
-118.42,34.04,52,1358,272,574,267,5.6454,,<1H OCEAN
-121.88,37.43,17,3469,896,2762,808,3.3884,,<1H OCEAN
-117.35,33.97,27,3960,886,2807,838,3.024,,INLAND
-117.36,33.88,10,5600,848,2573,788,5.0346,,INLAND
-121.92,37.26,33,1306,259,762,237,4.5208,,<1H OCEAN
-121.25,38.04,26,3080,473,1257,465,4.9861,,INLAND
-122.46,37.65,21,2751,502,2027,491,5.2573,,NEAR OCEAN
-122.39,37.76,52,2316,468,1047,476,4.5057,,NEAR BAY
-122.08,40.64,14,3099,519,1447,494,4.0132,,INLAND
-121.3,37.94,40,452,109,412,97,1.3417,,INLAND
-122.08,37.35,35,1347,207,548,189,7.7068,,NEAR BAY
-122.28,37.87,52,1813,353,828,339,3.5625,,NEAR BAY
-117.81,34.12,23,7063,1176,3100,1112,4.8229,,INLAND
-118.3,33.89,30,2756,858,1806,787,3.0329,,<1H OCEAN
-122.4,37.76,52,1185,246,480,253,4.4074,,NEAR BAY
-117.06,33.03,23,2023,309,678,340,7.0913,,<1H OCEAN
-122.3,37.53,37,1338,215,535,221,5.4351,,NEAR OCEAN
-118.1,34.05,31,3559,734,2975,715,3.756,,<1H OCEAN
-121.25,39.17,9,999,189,411,176,2.125,,INLAND
-117.13,33.14,12,2258,456,1147,433,4.0495,,<1H OCEAN
-122.53,37.95,22,7446,1979,2980,1888,3.5838,,NEAR BAY
-122.19,37.77,42,932,254,900,263,1.8039,,NEAR BAY
-117.12,32.75,20,1406,413,850,412,2.3261,,NEAR OCEAN
-117.14,32.72,43,1073,344,660,279,2.0529,,NEAR OCEAN
-124.09,40.88,31,1982,495,1052,467,1.5326,,NEAR OCEAN
-117.85,33.76,33,1866,327,1053,371,4.5461,,<1H OCEAN
-118.36,34.03,43,1690,379,1017,359,2.1078,,<1H OCEAN
-117.92,33.75,32,790,199,1196,201,3.0625,,<1H OCEAN
-121.31,38.97,16,1210,228,726,222,2.7083,,INLAND
-118.93,36.19,30,2685,546,951,523,2.6184,,INLAND
-121.22,37.79,36,1052,221,712,212,1.7228,,INLAND
-122.08,37.84,17,1320,159,1722,141,11.7064,,NEAR BAY
-122.04,37.34,23,2590,725,1795,680,3.16,,<1H OCEAN
-122.05,37.57,7,10648,1818,6075,1797,6.1047,,NEAR BAY
-118.33,34.1,30,5293,2446,4123,2127,1.51,,<1H OCEAN
-120.73,39.63,17,1791,356,432,190,3.8826,,INLAND
-121.32,38.56,18,1169,186,614,192,4.5766,,INLAND
-122.66,38.27,16,1523,308,477,315,2.1696,,<1H OCEAN
-121.45,38.62,37,1534,315,1147,322,2.5643,,INLAND
-122.76,38.46,14,4742,756,2149,732,4.5152,,<1H OCEAN
-118.51,34.14,28,6748,904,2431,876,12.8879,,<1H OCEAN
-121.63,36.71,19,5015,1013,3251,940,3.9818,,<1H OCEAN
-121.79,37.69,25,6296,1082,3200,1047,4.5357,,INLAND
-122.3,37.55,35,3675,735,1930,715,3.9833,,NEAR OCEAN
-117.13,33.14,16,1649,278,993,277,4.8526,,<1H OCEAN
-118.18,34.05,38,3272,731,3299,726,2.8295,,<1H OCEAN
-117.36,33.18,39,1546,291,833,308,2.8893,,NEAR OCEAN
-121.8,38.68,11,3851,892,1847,747,3.4331,,INLAND
-120.06,37.02,13,6301,1080,3840,1033,3.5258,,INLAND
-116.88,34.08,52,3419,777,710,265,3.9028,,INLAND
-116.93,32.81,18,2447,466,1573,472,2.6429,,<1H OCEAN
-118.64,34.25,47,1315,290,581,268,5.4024,,<1H OCEAN
-117.61,34.14,14,15809,2485,7363,2410,5.5198,,INLAND
-122.08,37.89,39,3018,501,1223,489,6.2924,,NEAR BAY
-121.06,37.67,31,906,146,383,129,3.4167,,INLAND
-119.58,36.83,13,6135,863,2473,774,5.4895,,INLAND
-118.39,34.17,26,6429,1611,2806,1491,3.1929,,<1H OCEAN
-117.66,34.09,23,1426,313,954,319,3.0357,,INLAND
-117.14,33.18,11,5546,974,2300,970,3.7109,,<1H OCEAN
-118.38,33.88,27,3039,606,1421,564,5.5771,,<1H OCEAN
-118.09,34.03,27,3797,597,2043,614,5.5,,<1H OCEAN
-124.1,40.9,18,4032,798,1948,775,2.7321,,NEAR OCEAN
-117.92,33.68,28,3397,597,1397,560,4.8125,,<1H OCEAN
-118.11,33.79,36,1993,354,884,337,5.587,,<1H OCEAN
-121.49,38.63,6,12197,2617,5634,2329,3.7449,,INLAND
-120.71,37.38,14,1979,432,1756,382,2.6923,,INLAND
-120.7,35.55,10,3979,761,1834,671,3.5,,<1H OCEAN
-119.63,36.58,22,1794,435,1127,359,1.2647,,INLAND
-120.61,35.1,14,2919,691,1896,577,2.4003,,<1H OCEAN
-122,38.35,24,745,116,300,115,3.6176,,INLAND
-119.79,36.72,19,1719,391,1369,368,1.25,,INLAND
-116.98,32.75,25,4137,662,1905,630,4.375,,<1H OCEAN
-118.51,35.16,7,4371,727,1932,654,4.625,,INLAND
-117.95,33.86,35,2478,431,1333,427,5.2099,,<1H OCEAN
-120.07,36.96,32,1268,283,549,273,1.4511,,INLAND
-120.43,34.89,28,2862,478,1384,463,4.6694,,<1H OCEAN
-122.43,37.61,21,10252,2595,4790,2428,4.1692,,NEAR OCEAN
-119.33,36.89,15,1879,411,755,294,2,,INLAND
-118.19,33.95,41,1368,309,1244,312,3.0833,,<1H OCEAN
-118.32,33.79,35,2924,658,1675,602,3.8287,,<1H OCEAN
-117.08,33.04,10,2577,347,1193,365,6.53,,<1H OCEAN
-121.89,37.28,32,4308,717,2002,695,4.1645,,<1H OCEAN
-122.15,37.74,49,1325,277,764,282,3.3125,,NEAR BAY
-117.84,34.04,4,9959,1544,4904,1429,6.9754,,<1H OCEAN
-118.15,34.59,33,2111,429,1067,397,3.7344,,INLAND
-118.54,34.06,21,3755,525,1493,526,11.4233,,<1H OCEAN
-117.79,33.71,16,3114,463,1641,469,6.2162,,<1H OCEAN
-118.31,33.99,47,1525,359,982,333,2.0915,,<1H OCEAN
-121.75,37.68,35,1755,299,702,263,5.2443,,INLAND
-121.71,38.56,20,8627,1516,4071,1466,4.2198,,INLAND
-121.84,37.24,18,3574,504,1803,536,6.7836,,<1H OCEAN
-122.69,38.32,15,2536,414,1400,426,5.6613,,<1H OCEAN
-122.33,37.58,28,2784,736,1534,685,3.38,,NEAR OCEAN
-122.41,37.63,37,1252,275,878,287,4.2262,,NEAR OCEAN
-123.41,40.07,17,449,151,141,53,0.8362,,INLAND
-117.93,34.07,34,1409,305,819,273,3.3977,,<1H OCEAN
-122.38,40.56,23,2281,408,1164,420,3.5347,,INLAND
-116.48,33.79,14,9425,2020,1711,1000,2.6298,,INLAND
-117.88,33.69,20,5330,976,2734,1000,5.2138,,<1H OCEAN
-120.33,34.87,24,2590,404,1093,338,3.9375,,<1H OCEAN
-124.14,41.06,32,1020,215,421,198,3.0208,,NEAR OCEAN
-122.2,37.83,26,1589,223,542,211,8.401,,NEAR BAY
-120.99,37.66,30,1718,395,914,400,1.933,,INLAND
-119.43,36.55,27,1621,323,882,324,2.75,,INLAND
-118.16,34.06,25,4284,741,2163,701,6.1509,,<1H OCEAN
-117.7,33.6,26,2283,506,634,469,2.3774,,<1H OCEAN
-118.46,34,36,1392,260,679,247,4.7344,,<1H OCEAN
-118.16,33.97,30,2419,715,3208,719,2.1743,,<1H OCEAN
-117.47,34.06,33,1379,273,884,229,2.7574,,INLAND
-122.4,37.76,52,1529,385,1347,348,2.9312,,NEAR BAY
-117.95,33.84,18,3418,815,1961,773,3.65,,<1H OCEAN
-120.97,37.61,16,1326,375,884,375,1.871,,INLAND
-122.12,37.4,31,2356,405,921,358,7.0245,,NEAR BAY
-121.08,37.69,19,6473,1212,3559,1123,3.2246,,INLAND
-120.6,34.91,44,711,140,384,116,2.1094,,NEAR OCEAN
-117.69,33.6,19,3562,439,1584,470,6.4211,,<1H OCEAN
-117.66,34.06,24,4043,952,2174,859,2.2244,,INLAND
-118.03,34.14,44,1446,250,721,243,4.7308,,INLAND
-117.33,33.97,8,152,19,1275,20,1.625,,INLAND
-122.43,37.73,52,1142,224,494,206,5.0602,,NEAR BAY
-121.54,39.6,15,886,204,576,205,2.1467,,INLAND
-117.07,33.12,21,4578,927,2818,900,3.1458,,<1H OCEAN
-118.1,33.93,36,1124,217,707,234,4.375,,<1H OCEAN
-117.28,32.83,34,2392,653,933,619,3.7306,,NEAR OCEAN
-122.12,37.99,33,1660,277,741,261,4.675,,NEAR BAY
-117.99,33.73,24,2104,421,1181,414,3.8365,,<1H OCEAN
-120.45,34.66,7,3329,504,1462,452,4.7875,,NEAR OCEAN
-118.83,34.33,6,6679,1164,3196,1157,5.4493,,<1H OCEAN
-121.9,38.01,16,2604,454,1696,481,4.6628,,INLAND
-118.99,37.65,20,2474,625,338,141,5.01,,INLAND
-121.11,38.04,32,1083,188,471,178,2.9241,,INLAND
-117.8,33.69,13,1161,289,630,296,3.3438,,<1H OCEAN
-121.92,37.3,36,2088,358,772,347,4.2762,,<1H OCEAN
-120.46,37.29,30,2972,635,1940,590,2.3594,,INLAND
-122.28,37.86,41,2214,550,1213,568,2.2845,,NEAR BAY
-118.99,36.06,19,2153,458,1317,386,1.7564,,INLAND
-121.3,38.03,13,1014,200,712,197,3.1471,,INLAND
-121.76,36.75,21,1141,257,671,195,3.8424,,<1H OCEAN
-118.08,34.1,36,2679,548,1605,533,3.5313,,<1H OCEAN
-118.19,33.82,19,2953,895,1914,855,3.5521,,NEAR OCEAN
-117.5,34.04,4,3428,649,2158,632,5.0175,,INLAND
-122.33,40.52,23,2801,507,1318,454,3.5081,,INLAND
-122.24,40.45,27,1804,321,782,300,3.5978,,INLAND
-121.21,37.5,34,294,49,147,47,3,,INLAND
-121.31,38.71,18,3998,744,2071,660,4.3836,,INLAND
-118.56,34.22,34,1599,294,819,306,4.3194,,<1H OCEAN
-118.06,33.84,26,6960,1454,4367,1437,4.7953,,<1H OCEAN
-119.58,36.77,19,3225,548,1760,542,4.0227,,INLAND
-119.69,36.25,35,2011,349,970,300,2.395,,INLAND
-119.8,36.74,25,1717,542,1343,471,0.799,,INLAND
-118.73,36.01,14,3263,651,1910,594,2.8603,,INLAND
-118.23,34.14,39,277,89,182,91,2.3958,,<1H OCEAN
-117.44,33.99,12,9966,1517,5008,1492,4.5625,,INLAND
-117.92,33.63,34,2479,491,1131,490,4.9643,,<1H OCEAN
-116.44,33.74,5,846,249,117,67,7.9885,,INLAND
-118.11,34.15,40,1950,509,1038,438,2.6172,,<1H OCEAN
-122.03,37.18,10,212,38,78,21,6.0622,,<1H OCEAN
-119.7,36.3,10,956,201,693,220,2.2895,,INLAND
-117.87,33.88,24,2655,702,1519,708,3.3036,,<1H OCEAN
-118.31,33.72,26,2711,508,1372,459,4.1451,,NEAR OCEAN
-118.64,34.22,16,4312,574,1902,574,8.4438,,<1H OCEAN
-122,38.83,26,272,49,194,52,3.4187,,INLAND
-122.99,39.02,14,1582,301,851,273,3.45,,<1H OCEAN
-118.14,33.84,43,2107,439,876,429,3.2024,,<1H OCEAN
-121.49,39.49,20,2505,468,1174,429,2.9965,,INLAND
-118.37,33.91,41,1869,427,1334,435,3.9355,,<1H OCEAN
-118.37,33.84,35,1792,322,978,326,4.9583,,<1H OCEAN
-116.12,33.53,17,2421,820,2971,685,1.654,,INLAND
-122.14,37.74,52,1071,201,440,192,4.0662,,NEAR BAY
-122.24,37.77,52,1153,235,481,223,2.6411,,NEAR BAY
-122.07,37.36,21,3244,426,1158,415,7.5,,<1H OCEAN
-118.18,34.1,7,2529,689,1215,577,4.7853,,<1H OCEAN
-121.24,37.94,5,2232,488,1857,435,2.8705,,INLAND
-119.2,34.27,8,4942,1173,3012,1033,3.445,,NEAR OCEAN
-122.41,37.8,52,1999,642,1846,620,1.9145,,NEAR BAY
-118.1,33.83,36,2000,343,956,352,5.3735,,<1H OCEAN
-121.7,36.55,21,3905,583,1528,586,7.6245,,<1H OCEAN
-118.18,33.77,41,2048,601,852,533,2.5726,,NEAR OCEAN
-118.28,34.03,40,2118,796,2195,658,1.7976,,<1H OCEAN
-122.19,37.76,49,1368,282,790,269,1.7056,,NEAR BAY
-122.47,37.78,52,2169,522,1220,505,3.1989,,NEAR BAY
-116.93,32.8,19,1867,538,1219,468,2.0685,,<1H OCEAN
-117.32,33.23,24,2580,604,982,569,1.6402,,NEAR OCEAN
-122.24,40.18,39,2191,493,1307,499,1.6483,,INLAND
-118.27,33.79,39,1513,365,1227,354,3.3929,,<1H OCEAN
-118.61,34.21,41,1058,228,778,245,3.3534,,<1H OCEAN
-118.19,33.78,24,225,72,439,71,2.8533,,NEAR OCEAN
-117.96,33.75,22,2300,539,1625,542,2.78,,<1H OCEAN
-122.22,37.79,37,2343,574,1608,523,2.1494,,NEAR BAY
-121.94,38.27,35,10869,2226,9879,2152,2.5681,,INLAND
-119.71,36.81,19,1648,368,557,354,1.7969,,INLAND
-118.28,34.04,19,460,241,890,229,1.6089,,<1H OCEAN
-118.35,33.97,26,1725,431,1130,404,3.2708,,<1H OCEAN
-122.42,37.79,52,2737,1241,1761,1029,1.8068,,NEAR BAY
-121.96,37.34,18,4438,939,1901,895,5.3873,,<1H OCEAN
-122.08,37.4,52,766,203,448,196,2.5208,,NEAR BAY
-117.14,32.9,16,3217,,2054,687,4.2234,,<1H OCEAN
-118.46,34,44,941,230,493,206,3.6458,,<1H OCEAN
-117.91,33.65,19,1589,421,1118,394,4.1029,,<1H OCEAN
-117.4,34,24,2316,599,1829,532,1.6955,,INLAND
-119.84,36.75,34,1186,300,774,271,1.575,,INLAND
-118.29,33.96,32,3508,917,2794,839,1.554,,<1H OCEAN
-118.39,34.14,34,4624,781,1572,719,6.5533,,<1H OCEAN
-119.71,36.8,17,2056,366,1259,367,3.9338,,INLAND
-118.11,34.01,22,1141,332,1189,321,2.2042,,<1H OCEAN
-117.93,33.75,24,1380,339,1472,304,4.2219,,<1H OCEAN
-118.39,34.21,14,2807,868,2729,803,2.6667,,<1H OCEAN
-117.24,32.74,44,1488,259,667,281,4.0862,,NEAR OCEAN
-122.18,37.79,41,1411,233,626,214,7.0875,,NEAR BAY
-118.49,34.21,25,1131,449,746,420,1.3565,,<1H OCEAN
-118.89,34.28,30,917,157,678,171,5.8133,,<1H OCEAN
-118.17,34.03,31,1014,252,1064,247,2.4167,,<1H OCEAN
-118.29,34.09,52,1272,322,984,353,1.9063,,<1H OCEAN
-120.44,37.31,16,3369,532,1770,574,5.2662,,INLAND
-117.83,33.81,24,3550,895,2828,834,2.8403,,<1H OCEAN
-121.37,38.55,21,2713,432,1287,440,4.5815,,INLAND
-118.07,34.14,42,3200,685,1668,628,3.375,,INLAND
-117.95,33.78,32,2296,560,1376,532,3.7303,,<1H OCEAN
-122.12,37.7,17,2488,617,1287,538,2.9922,,NEAR BAY
-118.99,35.24,40,282,59,213,71,2.35,,INLAND
-118.1,33.74,31,1310,342,563,310,4.6528,,NEAR OCEAN
-118.23,34.66,25,2627,387,1059,338,3.6382,,INLAND
-121.89,37.49,9,4909,577,1981,591,9.7194,,<1H OCEAN
-117.04,32.62,26,3620,607,2000,593,4.9962,,NEAR OCEAN
-118.96,37.64,11,3934,697,901,345,4.2381,,INLAND
-117.91,33.61,38,1232,178,410,171,11.075,,<1H OCEAN
-118.22,33.98,34,2225,753,2980,736,1.6685,,<1H OCEAN
-118.59,34.21,34,1943,320,895,305,5.0462,,<1H OCEAN
-118.3,34.09,29,3245,1190,3906,1102,2.1927,,<1H OCEAN
-121.47,38.56,52,889,162,273,145,3.125,,INLAND
-121.43,37.75,42,1207,278,699,279,3.3611,,INLAND
-121.6,37.91,13,2479,394,1075,350,5.1017,,INLAND
-122.23,38.1,46,4143,895,2240,847,2.4201,,NEAR BAY
-118.6,34.23,19,8866,2355,5005,2194,3.2564,,<1H OCEAN
-121.62,37.09,37,1593,303,1030,287,3.9306,,<1H OCEAN
-121.89,36.6,40,626,164,337,150,2.7917,,<1H OCEAN
-122.08,37.62,27,1826,309,1016,313,5.64,,NEAR BAY
-122.22,37.47,23,7740,1943,4124,1743,3.3268,,NEAR OCEAN
-123.22,40.16,27,1848,449,396,150,2.8472,,INLAND
-117.02,32.71,20,4050,745,2870,761,3.7366,,NEAR OCEAN
-117.98,33.84,31,1252,225,714,226,4.6042,,<1H OCEAN
-119.05,35.36,16,4507,1049,2261,959,3.3261,,INLAND
-121.33,38.68,13,5826,1411,2244,1219,1.9093,,INLAND
-119.25,36.32,32,1821,345,812,299,2.75,,INLAND
-118.43,34.06,31,1317,284,523,274,7.4219,,<1H OCEAN
-118.33,33.9,21,6603,1984,5546,1745,2.6091,,<1H OCEAN
-121.41,38.69,28,1601,308,848,305,3.6429,,INLAND
-118.13,33.76,52,2216,526,940,530,4.5469,,NEAR OCEAN
-122,37.98,36,404,77,237,88,4.525,,INLAND
-117.09,32.8,36,2163,367,915,360,4.7188,,NEAR OCEAN
-118.3,33.76,18,9659,1716,4336,1674,5.7764,,<1H OCEAN
-118.31,34.26,36,1882,453,1005,409,3.8,,<1H OCEAN
-118.37,34.21,36,2080,455,1939,484,4.2875,,<1H OCEAN
-117.31,34.14,44,1487,273,972,281,3.2292,,INLAND
-121.78,37.69,34,2358,498,1157,461,3.3618,,INLAND
-122.13,37.71,44,1421,298,609,270,3.5781,,NEAR BAY
-117.94,34.02,27,5026,955,3899,930,3.871,,<1H OCEAN
-117.16,32.74,27,2335,604,982,590,3.1921,,NEAR OCEAN
-122.41,37.79,52,2909,851,1711,830,3.0296,,NEAR BAY
-117.01,32.73,22,2526,530,1556,529,2.8646,,NEAR OCEAN
-121.28,38.7,14,5827,1246,2578,1038,3.0212,,INLAND
-118.4,34.03,24,1101,318,491,287,3.2222,,<1H OCEAN
-120.3,38.9,11,1961,435,113,53,0.9227,,INLAND
-121.91,37.31,16,2962,898,1555,795,2.5804,,<1H OCEAN
-118.3,33.93,29,2228,396,1140,352,3.7969,,<1H OCEAN
-120.2,34.61,15,2958,690,1348,617,3.8582,,NEAR OCEAN
-117.35,34.16,36,1717,348,1054,279,2.4444,,INLAND
-122.32,37.92,22,1119,220,565,199,3.3594,,NEAR BAY
-117.23,32.81,22,3205,429,1083,410,8.1844,,NEAR OCEAN
-118.32,34.1,30,2193,965,2197,836,1.8277,,<1H OCEAN
-117.99,33.97,18,4078,484,1490,482,10.8034,,<1H OCEAN
-122,37.36,17,6012,1737,3539,1625,3.8464,,<1H OCEAN
-118.25,33.92,44,1137,235,747,225,2,,<1H OCEAN
-122.27,37.77,52,1731,377,872,363,4.1667,,NEAR BAY
-121.74,36.47,28,1973,343,970,349,4.25,,<1H OCEAN
-121.2,38.36,14,2634,463,1402,432,3.8897,,INLAND
-117.28,34.12,47,2456,611,1653,512,1.3973,,INLAND
-117.61,33.43,24,2303,399,851,379,3.9875,,NEAR OCEAN
-118.33,34.04,52,2545,401,1004,372,3.6373,,<1H OCEAN
-121.88,37.34,44,1267,353,1018,327,2.4196,,<1H OCEAN
-122.27,37.51,39,3996,793,1744,761,4.5075,,NEAR OCEAN
-117.67,33.54,15,2423,435,1366,423,4.8906,,<1H OCEAN
-118.08,34.11,42,2628,525,1494,523,3.9464,,<1H OCEAN
-122.29,37.81,20,835,161,290,133,2.483,,NEAR BAY
-118.32,34.01,50,1842,377,817,341,3.1548,,<1H OCEAN
-116.44,34.12,18,5584,1303,2250,1158,1.5823,,INLAND
-117.18,34.54,5,3772,619,2097,635,3.8194,,INLAND
-120.42,38.42,18,2912,663,999,411,2.7344,,INLAND
-122.29,37.89,52,2248,422,870,377,3.4732,,NEAR BAY
-117.19,33.14,12,3652,923,1677,728,2.3267,,<1H OCEAN
-117.01,34.9,36,2181,555,1404,492,2.3077,,INLAND
-118.29,33.71,31,2809,666,1316,633,4.5606,,NEAR OCEAN
-122.47,37.77,52,3143,635,1350,623,3.8571,,NEAR BAY
-121.51,38.26,52,910,212,429,212,1.6458,,INLAND
-118.27,34.17,52,2010,,908,326,6.9135,,<1H OCEAN
-118.48,34.04,49,3780,741,1435,690,4.3158,,<1H OCEAN
-117.72,33.61,26,2033,463,618,450,2.5685,,<1H OCEAN
-116.92,32.82,16,2784,468,1458,465,4.0048,,<1H OCEAN
-121.34,37.96,27,1839,442,2010,416,2.1284,,INLAND
-122.43,37.77,52,2514,729,1428,597,2.3977,,NEAR BAY
-122.65,38.37,15,1848,280,786,282,5.7204,,<1H OCEAN
-121.08,38.93,14,4239,824,1729,794,2.4278,,INLAND
-118.31,33.76,26,4486,709,1873,719,6.5704,,<1H OCEAN
-122.48,38.9,10,304,63,161,61,2.1964,,INLAND
-118.25,34.23,34,2421,475,1232,454,4.6852,,<1H OCEAN
-118.05,33.94,34,495,120,527,130,1.9453,,<1H OCEAN
-121.64,36.68,16,6568,1603,6012,1565,2.3463,,<1H OCEAN
-118.14,33.97,31,2064,612,2461,573,2.0524,,<1H OCEAN
-119.85,36.83,11,2497,427,1101,405,4.8036,,INLAND
-117.04,32.58,14,2355,406,1883,401,5.0311,,NEAR OCEAN
-121.29,38.6,29,1276,225,600,223,4.0938,,INLAND
-122,37.31,28,3811,585,1795,581,7.8383,,<1H OCEAN
-117.96,33.7,23,2622,445,1103,407,4.725,,<1H OCEAN
-117.64,33.62,16,3970,771,1202,734,3.4115,,<1H OCEAN
-117.99,34.08,35,1032,207,954,191,2.8906,,INLAND
-121.87,37.3,14,360,124,134,84,2.7411,,<1H OCEAN
-118.01,33.76,35,2072,349,1249,317,3.9855,,<1H OCEAN
-117.23,34.11,22,1162,221,995,244,2.5875,,INLAND
-117.65,34.1,44,1526,337,831,326,3.0284,,INLAND
-121.49,38.53,40,2966,536,1225,505,3.125,,INLAND
-117.79,33.68,13,2636,416,1137,404,7.2118,,<1H OCEAN
-118.13,34.16,52,1872,357,984,364,4,,<1H OCEAN
-117.68,34.07,32,1775,314,1067,302,4.0375,,INLAND
-118.25,34.02,50,180,89,356,76,2.1944,,<1H OCEAN
-119.33,36.19,27,418,163,332,141,1.0714,,INLAND
-118.13,33.93,19,1793,447,1222,452,2.6862,,<1H OCEAN
-118.39,34.23,18,3405,831,3001,795,3.0083,,<1H OCEAN
-115.73,32.8,44,472,81,206,57,2.2083,,INLAND
-118.05,34.1,36,1606,318,889,294,4.7931,,INLAND
-117.24,32.81,34,2420,391,917,392,6.5881,,NEAR OCEAN
-122.28,37.52,29,1526,355,724,315,4.0313,,NEAR OCEAN
-121.01,37.33,17,1926,410,1054,321,1.6214,,INLAND
-118.27,33.99,38,1407,447,1783,402,1.8086,,<1H OCEAN
-121.98,37.34,33,3570,776,1922,761,4.9562,,<1H OCEAN
-118.61,34.22,24,5256,758,2474,780,7.3252,,<1H OCEAN
-121.83,36.6,30,2748,502,1491,535,4.3472,,<1H OCEAN
-117.13,32.79,35,1362,243,698,255,3.6458,,NEAR OCEAN
-121.48,38.55,52,2216,333,714,327,4.8603,,INLAND
-122.23,37.76,52,3011,542,1303,535,5.1039,,NEAR BAY
-122.35,37.96,35,1326,346,1023,295,2.0724,,NEAR BAY
-117.7,33.6,16,2092,489,877,392,3.0461,,<1H OCEAN
-122.06,37.33,23,4507,751,2167,722,7.0102,,<1H OCEAN
-118.27,33.82,37,943,218,803,216,5.2287,,<1H OCEAN
-118.2,33.96,44,2144,477,1760,452,2.3221,,<1H OCEAN
-117.81,33.74,24,2696,649,1908,626,3.3047,,<1H OCEAN
-122.28,37.87,52,589,132,288,131,3.5156,,NEAR BAY
-117.97,33.71,26,2553,405,1337,411,5.3737,,<1H OCEAN
-122.04,38.24,30,2081,456,1005,438,1.9954,,INLAND
-121.9,37.1,23,1708,287,670,238,6.4517,,<1H OCEAN
-122.42,37.8,52,3823,1040,1830,977,4.2458,,NEAR BAY
-118.35,33.85,35,1248,206,551,185,5.6426,,<1H OCEAN
-123.82,40.12,33,2985,591,1221,486,2.087,,<1H OCEAN
-117.03,32.69,5,3201,532,2061,536,5.0829,,NEAR OCEAN
-117.89,34.1,34,2048,411,1456,416,3.125,,<1H OCEAN
-121.24,39.22,14,983,163,399,161,2.2917,,INLAND
-119.61,36.33,32,1492,284,926,264,3.0139,,INLAND
-121.9,36.97,21,3707,751,1420,608,4.4485,,NEAR OCEAN
-118.02,34.09,24,2080,514,1976,478,2.6917,,INLAND
-116.93,32.79,19,3354,,1948,682,3.0192,,<1H OCEAN
-121.94,38.35,8,3157,559,1758,569,4.412,,INLAND
-120.13,39.06,22,2465,539,381,146,2.875,,INLAND
-121.02,37.68,28,2875,560,1608,558,3.5489,,INLAND
-122.42,37.75,52,2112,528,1227,513,3.5536,,NEAR BAY
-122.03,37.37,41,2123,425,1032,435,4.6957,,<1H OCEAN
-120.81,37.53,15,570,123,189,107,1.875,,INLAND
-122.91,39.18,43,89,18,86,27,2.0208,,INLAND
-119.74,36.65,19,2546,463,1257,418,2.9013,,INLAND
-122.15,37.74,43,1383,275,853,272,3.5083,,NEAR BAY
-121.96,37.43,18,2514,578,2205,545,3.3859,,<1H OCEAN
-119.67,36.33,19,1241,244,850,237,2.9375,,INLAND
-117.95,34.16,17,7116,1089,3538,1083,6.2654,,INLAND
-122.69,38.44,31,1808,315,691,280,3.8583,,<1H OCEAN
-116.97,32.56,23,1262,294,5176,275,2.5625,,NEAR OCEAN
-121.37,38.58,37,2839,390,1006,400,7.3343,,INLAND
-119.71,36.83,5,1087,338,623,362,1.8061,,INLAND
-118.29,34.36,34,503,99,275,68,4.5491,,INLAND
-119.72,34.43,27,984,299,777,313,2.5694,,<1H OCEAN
-114.62,33.62,26,18,3,5,3,0.536,,INLAND
-122.25,37.8,29,2468,864,1335,773,1.3929,,NEAR BAY
-118.02,33.92,34,2169,418,1169,406,3.2222,,<1H OCEAN
-118.55,34.2,21,2549,651,1624,628,3.6905,,<1H OCEAN
-117.33,34.15,28,1473,333,1196,312,1.6993,,INLAND
-122.29,37.56,36,805,140,445,139,5.8221,,NEAR BAY
-121.39,38.63,30,2930,739,1661,668,2.7813,,INLAND
-122.14,37.72,45,1397,253,555,248,2.983,,NEAR BAY
-121.44,38.49,31,4297,788,2083,771,3.3878,,INLAND
-118.41,34.25,36,1146,259,1173,272,3.6016,,<1H OCEAN
-119.72,34.47,34,3262,533,1265,502,5.8411,,<1H OCEAN
-121.98,38.32,45,19,5,7460,6,10.2264,,INLAND
-117.13,32.72,43,2160,504,1221,452,2.4821,,NEAR OCEAN
-118.33,34.01,47,1320,259,653,291,3.7727,,<1H OCEAN
-118.12,33.91,34,682,132,491,144,4.6389,,<1H OCEAN
-122.74,38.45,25,2696,496,1296,514,4.0798,,<1H OCEAN
-118.25,33.93,42,657,147,526,132,2.5,,<1H OCEAN
-118.08,33.89,37,1152,259,981,225,3.2857,,<1H OCEAN
-117.26,33.09,22,2398,407,349,169,7.0423,,NEAR OCEAN
-118.33,33.92,23,969,288,670,251,3.267,,<1H OCEAN
-118.05,34.02,31,40,8,25,7,2.125,,<1H OCEAN
-120.76,38.47,17,1521,309,607,240,3.5,,INLAND
-118.23,34.14,33,2865,864,2061,790,2.6268,,<1H OCEAN
-116.97,33.75,22,3740,965,2011,824,1.3039,,INLAND
-117.85,33.81,32,1766,322,876,330,4.0417,,<1H OCEAN
-122.4,37.71,47,1649,328,1183,356,3.3625,,NEAR BAY
-117.77,33.55,28,2024,297,617,274,6.7861,,<1H OCEAN
-122.52,37.89,17,4363,1041,1640,989,3.9531,,NEAR BAY
-117.95,33.75,24,2027,358,1405,341,5.1416,,<1H OCEAN
-118.2,33.92,36,414,104,477,130,3.6719,,<1H OCEAN
-122.05,37.36,34,2400,419,1017,384,4.1369,,<1H OCEAN
-121.85,37.33,16,2987,874,4241,841,2.8024,,<1H OCEAN
-121.85,38.43,2,790,135,235,87,5.0862,,INLAND
-122.06,37.37,32,2510,578,1160,581,4.9087,,<1H OCEAN
-117.91,33.78,33,2729,549,2223,535,4.0362,,<1H OCEAN
-122.48,37.85,42,6297,1307,2096,1205,6.4752,,NEAR BAY
-118.25,33.99,41,2215,544,2054,480,1.5272,,<1H OCEAN
-117.96,33.76,22,2520,556,2126,527,3.7734,,<1H OCEAN
-121.44,38.53,37,1951,432,1089,411,2.3272,,INLAND
-122.89,38.93,20,1214,247,504,223,2.7188,,<1H OCEAN
-119.73,36.52,20,1741,331,1466,289,2.5921,,INLAND
-118.31,33.74,36,2464,472,1111,457,4.5074,,NEAR OCEAN
-121.14,38.92,16,2069,312,889,299,4.6771,,INLAND
-122.82,38.53,27,1823,360,907,317,3.276,,<1H OCEAN
-116.99,32.72,14,1771,301,1046,284,4.775,,<1H OCEAN
-117.57,33.93,3,1240,151,519,146,7.5408,,INLAND
-118.27,33.95,34,1261,315,1027,303,2.2946,,<1H OCEAN
-122.4,37.6,30,5351,1134,2558,1074,3.5817,,NEAR OCEAN
-118.25,34.15,15,3712,1005,1888,890,3.6875,,<1H OCEAN
-122.03,37.86,29,3025,477,1035,452,6.112,,NEAR BAY
-118.44,34.25,35,1583,324,1481,351,3.7,,<1H OCEAN
-119.23,35.77,26,2636,468,1416,485,4.1917,,INLAND
-118.33,34.15,44,1321,303,471,301,4.2679,,<1H OCEAN
-119.02,35.41,41,2221,516,1106,473,1.97,,INLAND
-122.14,37.43,52,1383,227,551,249,6.5829,,NEAR BAY
-117.71,33.61,26,3046,726,888,663,2.6848,,<1H OCEAN
-121.73,36.9,23,2392,721,3074,718,2.5195,,<1H OCEAN
-120.69,35.49,16,2666,450,1203,429,4.1375,,<1H OCEAN
-122.04,37.57,12,5719,1064,3436,1057,5.2879,,NEAR BAY
-120.42,34.96,14,2069,343,1240,338,4.5066,,<1H OCEAN
-118.46,33.97,19,2461,521,777,447,10,,<1H OCEAN
-118.15,33.8,44,1886,399,1167,372,3.1042,,NEAR OCEAN
-122.24,37.8,52,996,228,731,228,2.2697,,NEAR BAY
-117.09,32.74,23,3130,779,2472,744,2.32,,NEAR OCEAN
-117.74,34.07,42,2504,553,1550,509,3.0294,,INLAND
-118.46,34.25,33,2202,433,1135,407,4.2143,,<1H OCEAN
-122.56,37.94,36,2023,242,653,241,10.6272,,NEAR BAY
-118.14,34.01,46,1746,447,1296,392,2.3929,,<1H OCEAN
-117.69,36.13,25,1709,439,632,292,1.7868,,INLAND
-118.37,34.05,48,1266,234,539,222,4.005,,<1H OCEAN
-117.95,33.86,35,2375,439,1343,424,4.53,,<1H OCEAN
-121.24,38.82,5,12259,1643,4819,1582,5.4498,,INLAND
-119.82,36.79,35,1474,291,709,294,2.6522,,INLAND
-118.24,34.15,19,4852,1465,3171,1332,2.5924,,<1H OCEAN
-117.19,32.82,35,2197,353,945,357,4.9219,,NEAR OCEAN
-118.26,33.91,39,967,256,903,256,1.9038,,<1H OCEAN
-121.06,37.73,5,2256,420,1246,397,4.9236,,INLAND
-119.7,34.43,35,1402,369,654,385,2.6205,,<1H OCEAN
-117.17,33.83,7,77,12,64,15,4.6,,INLAND
-117.11,32.69,39,395,159,620,162,2.725,,NEAR OCEAN
-117.3,34.15,33,1607,282,608,260,4.3438,,INLAND
-118.31,33.99,48,2235,433,1363,433,1.6559,,<1H OCEAN
-122.04,38.28,25,3304,493,1464,488,5.2527,,INLAND
-118.15,34.17,36,930,280,1024,300,1.0846,,<1H OCEAN
-122.04,37.3,25,3807,600,1678,600,6.6818,,<1H OCEAN
-116.22,33.73,38,1695,352,1279,305,2.1217,,INLAND
-117.22,32.81,21,1703,335,902,369,3.7813,,NEAR OCEAN
-118.17,33.98,41,428,111,585,139,3.1786,,<1H OCEAN
-119.56,36.09,35,1648,285,792,265,3.2847,,INLAND
-121.91,37.69,23,2179,308,926,299,5.9345,,<1H OCEAN
-119.28,36.35,7,3598,701,2080,678,3.1111,,INLAND
-118.27,34,43,1638,434,1213,390,1.3403,,<1H OCEAN
-118.29,33.81,19,7023,1538,3993,1412,5.0532,,<1H OCEAN
-121.96,37.84,29,7479,977,2744,943,7.5139,,INLAND
-118.08,34.16,42,3490,665,1713,620,4.5461,,INLAND
-118.51,34,52,1241,502,679,459,2.3098,,<1H OCEAN
-118.27,33.79,26,2109,651,2120,605,2.1447,,<1H OCEAN
-121.83,37.3,17,1299,211,825,217,4.5,,<1H OCEAN
-118.39,34.07,45,3143,553,1153,564,5.7762,,<1H OCEAN
-121.05,39.11,7,2767,423,1143,382,3.6333,,INLAND
-121.87,39.74,7,1737,290,747,265,3.9,,INLAND
-122.56,37.98,36,2649,542,1111,557,4.8056,,NEAR BAY
-119.29,34.28,38,2387,748,1537,741,2.3147,,NEAR OCEAN
-118.26,34.01,47,1269,323,1628,325,1.5089,,<1H OCEAN
-121.67,36.67,24,3071,544,1477,560,3.9219,,<1H OCEAN
-117.72,34.1,32,3241,895,1592,810,2.4952,,INLAND
-117.08,32.75,20,1989,508,1452,462,2.0077,,NEAR OCEAN
-121.43,39.18,36,1124,184,504,171,2.1667,,INLAND
-117.92,33.7,15,3201,,1510,622,4.2708,,<1H OCEAN
-118.14,33.91,34,1766,410,974,404,3.0703,,<1H OCEAN
-118.31,34,47,1551,362,1329,322,1.9792,,<1H OCEAN
-120.48,37.29,17,2266,693,3200,664,1.5635,,INLAND
-118.43,33.96,13,1860,345,800,355,5.8864,,<1H OCEAN
-122.44,37.75,52,2082,425,801,411,4.2708,,NEAR BAY
-118.07,33.99,41,1204,252,1002,248,3.0577,,<1H OCEAN
-120.44,34.93,15,868,244,1133,253,2.0995,,<1H OCEAN
-117.22,32.74,52,1283,173,436,190,7.4029,,NEAR OCEAN
-120.85,37.78,15,3553,659,1684,611,3.3169,,INLAND
-121.8,38,34,2738,475,1316,459,3.5368,,INLAND
-121.83,37.27,14,2855,380,1420,383,6.6712,,<1H OCEAN
-120.32,38.71,13,1115,255,86,32,3.5667,,INLAND
-118.52,34.46,5,15341,2527,7270,2320,6.1281,,<1H OCEAN
-122.01,37.29,31,3136,431,1190,412,7.5,,<1H OCEAN
-122.26,38.31,33,4518,704,1776,669,5.2444,,NEAR BAY
-119.91,37.23,17,2171,389,1042,375,3.625,,INLAND
-117.96,33.81,35,1153,192,884,208,5.2384,,<1H OCEAN
-118.06,34.17,38,2726,398,1059,380,7.2419,,INLAND
-118.11,34.07,19,3215,907,3072,870,2.3393,,<1H OCEAN
-114.6,33.62,16,3741,801,2434,824,2.6797,,INLAND
-122.21,37.46,48,2560,322,921,301,10.8758,,NEAR OCEAN
-118.37,33.95,32,1067,286,1053,277,2.8438,,<1H OCEAN
-118.99,35.4,43,2225,392,890,374,4.0208,,INLAND
-121.96,37.1,20,922,155,361,135,6.3617,,<1H OCEAN
-118.42,33.98,3,475,155,236,153,3.6667,,<1H OCEAN
-118.13,33.91,36,1967,316,910,306,4.4948,,<1H OCEAN
-119.25,35.78,27,1513,342,1346,323,2.7411,,INLAND
-120.44,34.65,30,2265,512,1402,471,1.975,,NEAR OCEAN
-117.27,33.02,21,2144,340,928,344,5.798,,NEAR OCEAN
-121.83,37.26,7,3609,751,1739,682,4.5033,,<1H OCEAN
-117.07,33.15,17,1893,297,936,287,5.1842,,<1H OCEAN
-121.27,38.12,44,2356,482,1043,443,2.4949,,INLAND
-118.38,34.03,44,1913,441,1295,432,3.9537,,<1H OCEAN
-118.18,34.13,52,2228,475,1311,452,3.5341,,<1H OCEAN
-121.01,37.61,5,3655,696,2316,647,3.4703,,INLAND
-119.77,36.78,36,3616,779,1994,786,2.5434,,INLAND
-118.28,33.97,38,1819,497,2110,499,1.6027,,<1H OCEAN
-116.83,32.81,18,2367,402,1021,395,4.8125,,<1H OCEAN
-122.23,37.8,51,1590,414,949,392,1.9028,,NEAR BAY
-121.56,39.08,26,1377,289,761,267,1.4934,,INLAND
-122.19,37.48,35,7067,1646,5380,1597,4.1776,,NEAR BAY
-117.1,32.74,30,1772,500,1389,447,2.3641,,NEAR OCEAN
-122.29,38.3,52,144,54,89,48,1.0096,,NEAR BAY
-118.15,33.9,20,2850,737,1855,662,2.809,,<1H OCEAN
-121.6,39.75,19,2888,591,984,499,1.9766,,INLAND
-118.33,34.18,48,2122,385,926,362,5.6975,,<1H OCEAN
-117.31,32.82,42,2785,389,833,333,11.3074,,NEAR OCEAN
-118.35,34.07,46,1651,410,512,397,4.0179,,<1H OCEAN
-118.1,33.79,36,3359,596,1522,565,5.1805,,<1H OCEAN
-121.58,37.03,16,3120,685,2383,681,3.5551,,INLAND
-117.83,33.88,18,2112,340,1048,315,6.9308,,<1H OCEAN
-118.13,34.02,43,396,91,261,73,2.9044,,<1H OCEAN
-118.25,33.98,39,1553,461,2271,437,1.7378,,<1H OCEAN
-118.98,35.38,24,1807,465,1460,410,1.4786,,INLAND
-118.92,35.13,29,1297,262,909,253,1.9236,,INLAND
-122.02,37.35,18,1221,255,507,271,5.3679,,<1H OCEAN
-118.27,34,43,1258,381,1276,358,1.8917,,<1H OCEAN
-117.96,33.65,18,3603,879,1549,756,4.0229,,<1H OCEAN
-119.96,35.99,25,1047,270,1505,286,2.0976,,INLAND
-118.13,34.05,35,3229,616,1879,595,3.9531,,<1H OCEAN
-122.19,37.82,32,1835,264,635,263,8.317,,NEAR BAY
-118.98,34.16,16,2476,402,1251,387,5.7676,,<1H OCEAN
-123.34,39.5,15,2342,535,1064,433,1.8967,,INLAND
-122.11,37.99,16,3913,710,1782,676,5.1297,,NEAR BAY
-121.1,39,16,1106,195,505,187,5.0126,,INLAND
-120.94,37.68,4,13315,2424,6420,2289,4.2471,,INLAND
-118.98,35.4,36,1864,331,1052,325,3.4205,,INLAND
-117.92,33.91,27,2558,310,891,316,9.5561,,<1H OCEAN
-117.97,33.71,25,3273,478,1645,497,5.8195,,<1H OCEAN
-122.2,37.78,50,1867,403,1128,378,2.5401,,NEAR BAY
-122.41,37.71,28,5015,1240,3900,1029,1.2269,,NEAR BAY
-122.07,37.64,22,5861,1516,5436,1463,2.5158,,NEAR BAY
-118.23,33.95,37,2667,671,2865,683,0.6831,,<1H OCEAN
-117.34,33.19,19,3575,525,1654,559,5.7409,,NEAR OCEAN
-120.84,37.48,10,2874,612,1960,596,2.7381,,INLAND
-121.3,38.67,20,1234,208,649,211,4.8523,,INLAND
-118.21,34.06,30,511,153,1152,149,2.3611,,<1H OCEAN
-121.33,38.65,24,3533,741,1496,723,2.8106,,INLAND
-118.9,34.17,14,4719,734,1880,731,5.3558,,<1H OCEAN
-117.97,33.68,23,1722,316,865,309,4.6452,,<1H OCEAN
-121.64,39.11,18,3212,542,1817,508,3.3793,,INLAND
-117.81,33.73,19,5471,1345,2828,1247,3.5719,,<1H OCEAN
-117.62,33.42,23,2656,515,998,435,4.0294,,NEAR OCEAN
-117.22,34.15,9,2524,352,1139,362,6.2516,,INLAND
-121.15,38.68,6,9798,1551,4583,1494,5.0159,,INLAND
-121.84,37.27,17,2795,482,1904,506,5.0186,,<1H OCEAN
-117.19,32.81,33,5226,833,2221,839,5.1491,,NEAR OCEAN
-117.67,33.54,16,2102,350,1003,328,4.7981,,<1H OCEAN
-118.93,34.82,24,806,168,323,136,3.5,,INLAND
-118.1,34.08,37,2894,659,1977,636,2.543,,<1H OCEAN
-119.22,34.26,16,2596,625,1403,562,3.4018,,NEAR OCEAN
-121.62,36.63,52,1437,298,836,257,3.6286,,<1H OCEAN
-119.01,35.37,33,821,181,579,172,1.2469,,INLAND
-117.67,33.49,15,2782,579,983,525,2.1935,,<1H OCEAN
-117.81,35.65,19,1124,290,598,261,1.8984,,INLAND
-117.19,33.9,3,21060,3366,9623,2812,4.189,,INLAND
-122,38.23,1,2062,343,872,268,5.2636,,INLAND
-121.89,37.38,3,4778,1047,2522,990,5.7695,,<1H OCEAN
-122.02,37.24,28,2796,365,1085,363,10.6834,,<1H OCEAN
-118.4,34.15,44,2515,510,967,484,5.0754,,<1H OCEAN
-118.22,34.09,36,1427,415,1835,410,2.48,,<1H OCEAN
-121.42,38.6,36,1327,209,613,230,3.8672,,INLAND
-121.98,37.36,33,1582,272,809,267,5.7059,,<1H OCEAN
-117.98,33.77,7,2252,570,1576,550,3.6333,,<1H OCEAN
-117.9,33.8,27,2176,442,1440,418,4.375,,<1H OCEAN
-122.67,38.33,4,8072,1606,4323,1475,3.9518,,<1H OCEAN
-117.9,33.71,16,4208,630,2592,662,6.1966,,<1H OCEAN
-122.42,40.44,16,994,,495,181,2.1875,,INLAND
-121.47,38.54,47,2085,464,1346,402,1.2679,,INLAND
-118.14,34.08,30,1433,397,1110,346,2.3464,,<1H OCEAN
-118.28,33.92,37,742,151,729,144,3.055,,<1H OCEAN
-118.51,34.19,38,2182,409,1141,379,4.2865,,<1H OCEAN
-118.1,33.91,35,1653,325,1072,301,3.2708,,<1H OCEAN
-123.8,39.44,33,2024,459,1019,422,1.9208,,<1H OCEAN
-117.87,34.14,30,2495,586,1139,559,2.9375,,INLAND
-121.5,38.56,46,2646,645,1684,616,1.128,,INLAND
-118.13,33.79,36,1245,211,508,221,5.3441,,NEAR OCEAN
-117.24,32.75,36,2831,669,1279,660,2.9896,,NEAR OCEAN
-118.32,34.19,37,1335,249,485,240,4.1731,,<1H OCEAN
-118.25,34.14,37,584,260,552,235,1.8235,,<1H OCEAN
-117.24,32.75,41,1989,514,1015,489,2.79,,NEAR OCEAN
-118.47,34,42,1271,301,574,312,3.1304,,<1H OCEAN
-117.57,33.88,39,679,164,769,179,2.3036,,INLAND
-118.41,33.77,22,7554,991,2808,946,10.06,,NEAR OCEAN
-117.62,34.13,20,3216,516,1655,524,5.1261,,INLAND
-122.08,37.39,4,2292,,1050,584,4.8036,,NEAR BAY
-118.54,34.25,26,2639,378,1191,401,6.2788,,<1H OCEAN
-117.94,34.15,33,859,144,421,138,4.4821,,INLAND
-119.89,36.64,34,1422,237,716,222,2.975,,INLAND
-122.09,37.71,31,1843,282,749,269,5.2855,,NEAR BAY
-119.97,36.44,18,1128,237,772,220,2.1771,,INLAND
-117.76,33.53,24,2105,346,712,332,10.6349,,<1H OCEAN
-119.03,35.36,41,1944,363,977,388,3.9097,,INLAND
-121.26,37.95,44,819,184,677,183,1.725,,INLAND
-117.07,32.56,9,3648,895,3293,840,3.0992,,NEAR OCEAN
-117.23,33.57,6,13724,2269,5860,1986,3.9617,,<1H OCEAN
-121.9,38.02,5,1560,369,1037,372,3.6154,,INLAND
-117.12,32.76,28,2160,608,1339,571,1.9152,,NEAR OCEAN
-116.92,32.86,11,2204,518,1472,497,2.3693,,<1H OCEAN
-118.35,34.13,39,1610,278,511,278,4.3333,,<1H OCEAN
-121.74,37.95,5,4980,774,2399,763,5.7104,,INLAND
-121.2,38.67,10,3875,668,1632,593,4.6902,,INLAND
-118.26,33.79,42,1162,264,1044,241,3.5488,,<1H OCEAN
-118.65,34.2,23,7480,1084,3037,1058,6.9223,,<1H OCEAN
-117.93,34.05,32,3055,623,1902,565,4.2926,,<1H OCEAN
-122.5,37.75,45,1672,344,838,314,4.1419,,NEAR OCEAN
-118.15,34.07,40,1072,204,940,200,3.125,,<1H OCEAN
-121.36,38.66,22,2878,599,1362,541,2.7955,,INLAND
-117.32,34.12,37,2868,574,2055,563,2.3508,,INLAND
-116.76,34.23,10,4374,989,1020,376,2.6071,,INLAND
-118.31,33.88,21,1490,430,686,400,2.3812,,<1H OCEAN
-122.47,38.29,14,3732,846,1277,775,2.5658,,NEAR BAY
-121.07,39.05,10,1813,311,827,287,3.6087,,INLAND
-117.15,34.07,15,1852,316,906,298,5.3526,,INLAND
-122.46,37.72,37,1833,388,1093,363,3.0703,,NEAR OCEAN
-121.53,38.48,5,27870,5027,11935,4855,4.8811,,INLAND
-118.3,34.1,25,3926,1715,4865,1612,1.6112,,<1H OCEAN
-122.02,36.97,39,2124,661,1365,606,1.6642,,NEAR OCEAN
-121.25,36.32,12,4776,1082,4601,1066,2.9184,,<1H OCEAN
-121.83,36.61,26,3723,789,2563,747,3.4531,,<1H OCEAN
-119.18,34.21,46,2062,484,1522,469,3.087,,NEAR OCEAN
-117.1,32.58,17,2046,559,1585,530,2.25,,NEAR OCEAN
-119.06,34.23,23,3471,510,2002,555,5.2742,,<1H OCEAN
-121.89,37.46,5,1519,186,705,186,10.3798,,<1H OCEAN
-118.28,34.06,52,936,454,990,354,1.1122,,<1H OCEAN
-119.17,34.15,18,2509,688,3129,677,2.6098,,NEAR OCEAN
-117.92,33.82,10,1548,506,1535,424,4.5057,,<1H OCEAN
-122.07,37.66,21,5031,1168,2461,1042,3.875,,NEAR BAY
-118.04,33.85,24,2233,347,1162,355,5.6094,,<1H OCEAN
-117.29,33.04,30,2750,555,1281,520,4.7333,,NEAR OCEAN
-122.12,37.44,33,2974,623,1435,588,5.485,,NEAR BAY
-117.8,33.76,27,2655,345,1017,335,6.9014,,<1H OCEAN
-118.16,33.78,52,3248,853,1819,815,3.1739,,NEAR OCEAN
-118.2,34.04,18,796,227,547,218,1.0333,,<1H OCEAN
-118.16,33.78,15,4798,1374,3087,1212,2.127,,NEAR OCEAN
-118.38,33.89,35,1778,330,732,312,6.5745,,<1H OCEAN
-117.11,33.74,18,4799,1035,1966,944,2.1182,,INLAND
-122.11,39.82,27,1065,214,508,198,2.625,,INLAND
-122.28,37.75,20,1156,365,583,326,3.1972,,NEAR BAY
-118.34,33.89,36,2392,444,1346,445,6.0088,,<1H OCEAN
-122.46,37.71,47,1527,283,1102,282,4,,NEAR OCEAN
-119.74,36.75,47,2236,418,1042,397,2.9545,,INLAND
-122.04,37.59,14,1727,302,1116,273,5.3428,,NEAR BAY
-118.44,34.19,19,3487,959,2278,835,2.6709,,<1H OCEAN
-120.9,37.64,26,1762,418,855,308,1.6767,,INLAND
-122.09,37.35,37,1795,285,791,261,7.5794,,NEAR BAY
-120.85,37.06,31,2609,645,1796,629,1.5479,,INLAND
-118.38,33.96,44,2395,458,1287,450,4.6923,,<1H OCEAN
-121.35,38.04,12,6217,1019,3771,961,3.7206,,INLAND
-121.6,39.15,19,1396,336,940,309,1.5208,,INLAND
-117.32,34.55,18,279,59,188,60,0.8246,,INLAND
-117.38,34.06,17,3139,569,1612,516,3.3571,,INLAND
-118.45,34.23,15,5738,1767,4620,1581,2.3584,,<1H OCEAN
-117.03,32.96,16,3424,698,1940,645,4.121,,<1H OCEAN
-117.81,34.11,21,3481,808,1866,746,3.6201,,INLAND
-117.96,33.94,31,2397,518,1407,476,2.6641,,<1H OCEAN
-122.09,37.4,26,3218,1021,2087,964,3.2875,,NEAR BAY
-117.97,33.82,26,4013,985,2442,922,3.7655,,<1H OCEAN
-122.09,37.98,14,5381,871,2296,872,5.6875,,NEAR BAY
-116.94,32.85,31,1293,232,599,228,4.7578,,<1H OCEAN
-117.23,33.77,5,2108,496,1666,461,2,,INLAND
-117.74,34.02,33,2318,464,1904,451,3.7454,,INLAND
-122.03,38.25,13,3334,541,1923,538,4.0905,,INLAND
-117.76,35.63,12,2014,372,1027,356,3.9261,,INLAND
-117.96,34.04,35,1141,212,924,212,3.1591,,<1H OCEAN
-122.47,37.76,52,4001,809,1886,756,3.3239,,NEAR BAY
-118.19,34.03,50,1183,246,851,231,3.2639,,<1H OCEAN
-118.27,34.06,30,1771,788,2188,764,1.5885,,<1H OCEAN
-124.18,40.78,33,1076,222,656,236,2.5096,,NEAR OCEAN
-122.45,38.28,20,3306,503,1374,460,5.7984,,NEAR BAY
-118.07,33.96,30,928,230,913,214,2.6991,,<1H OCEAN
-120.46,34.63,48,1408,301,682,279,2.9271,,NEAR OCEAN
-121.32,37.67,21,1494,271,781,255,4.3015,,INLAND
-117.14,32.7,32,1280,353,1335,330,1.6023,,NEAR OCEAN
-117.02,32.76,15,1204,326,543,326,1.0278,,<1H OCEAN
-122.03,37.36,16,2697,803,1369,723,4.4699,,<1H OCEAN
-118.09,33.92,31,1983,419,1157,390,3.5455,,<1H OCEAN
-118.2,34.04,52,1249,307,1223,297,2.07,,<1H OCEAN
-120.57,38.2,13,4110,847,1796,706,2.6417,,INLAND
-118.17,33.96,25,2249,681,2621,628,2.3,,<1H OCEAN
-117.08,32.76,27,1221,254,606,259,3.0833,,NEAR OCEAN
-122.48,38.54,37,1898,359,973,340,4.2096,,INLAND
-117.19,32.82,35,1074,180,442,173,5.253,,NEAR OCEAN
-119.69,34.38,39,1383,459,677,362,2.25,,NEAR OCEAN
-117.2,34.15,18,1859,251,747,256,7.732,,INLAND
-118.11,34.68,6,7430,1184,3489,1115,5.3267,,INLAND
-117.99,33.67,19,3808,790,1776,756,4.625,,<1H OCEAN
-117.16,33.54,4,4952,1000,2912,943,3.7538,,<1H OCEAN
-120.85,37.49,39,2840,733,2606,737,1.9429,,INLAND
-118.53,34.18,16,7194,1976,3687,1894,3.1887,,<1H OCEAN
-122.7,38.43,28,1585,412,1362,424,1.6685,,<1H OCEAN
-119.56,36.1,25,1093,262,893,252,2.13,,INLAND
-122.24,37.82,52,3665,517,1470,520,6.155,,NEAR BAY
-118.32,34.04,39,2965,812,2638,794,2.532,,<1H OCEAN
-120.46,36.87,20,1287,310,954,269,1.3386,,INLAND
-121.82,39.75,37,2236,372,974,379,3.2016,,INLAND
-121.59,39.39,22,2515,482,1284,462,2.1776,,INLAND
-121.37,38.68,34,1086,187,663,190,3.3074,,INLAND
-118.19,33.83,43,2641,411,1011,444,6.4468,,NEAR OCEAN
-117.12,32.76,23,2681,717,1279,648,2.1597,,NEAR OCEAN
-117.9,33.99,18,8076,1789,5325,1707,3.443,,<1H OCEAN
-121.97,37.28,27,2427,403,1301,438,5.0385,,<1H OCEAN
-117.91,33.87,29,1121,,762,276,2.5,,<1H OCEAN
-117.28,34.68,28,1932,421,1156,404,1.8958,,INLAND
-122.44,37.78,37,1235,314,481,297,3.6875,,NEAR BAY
-121.27,37.97,39,1023,243,550,224,1.1141,,INLAND
-121.34,38.64,12,2772,578,1335,565,3.8068,,INLAND
-122.18,39.75,30,4157,834,1885,774,1.6948,,INLAND
-121.92,37.53,7,28258,3864,12203,3701,8.4045,,<1H OCEAN
-122.08,37.4,25,1750,341,999,319,5.806,,NEAR BAY
-122.92,39.05,38,3131,624,1591,568,2.5457,,INLAND
-118.01,33.85,29,3061,612,2396,640,4.6326,,<1H OCEAN
-121.2,37.79,36,866,160,502,149,2.4798,,INLAND
-117.3,34.11,42,525,111,444,120,2.6771,,INLAND
-117.09,32.58,12,2565,567,1785,545,3.0273,,NEAR OCEAN
-117.01,33.75,15,2873,903,1094,659,1.8015,,INLAND
-117.07,32.63,37,2372,444,1056,419,3.7583,,NEAR OCEAN
-118.38,34.07,16,4814,1381,1897,1209,3.3725,,<1H OCEAN
-121.26,37.88,42,465,93,256,93,3.1719,,INLAND
-121.26,37.96,43,940,208,690,181,2.3056,,INLAND
-118.06,33.72,17,4573,937,1619,796,5.7704,,NEAR OCEAN
-118.2,33.91,36,2283,499,1836,462,2.8793,,<1H OCEAN
-117.93,33.65,26,5831,1546,4738,1477,3.1483,,<1H OCEAN
-119.78,36.31,14,1287,291,737,269,3.1667,,INLAND
-119.79,34.44,25,1479,314,977,309,4.1797,,NEAR OCEAN
-119.75,36.75,49,2331,460,1290,477,2.5111,,INLAND
-118.46,34.18,27,2582,719,2038,718,3.0877,,<1H OCEAN
-119.05,36.07,21,2472,523,1238,504,1.7756,,INLAND
-118.09,34.09,40,855,208,745,222,3.0125,,<1H OCEAN
-118.29,34.65,18,6893,1372,2837,1221,3.3173,,INLAND
-118.22,34.09,42,1706,488,1941,447,2.5213,,<1H OCEAN
-120.59,37.59,36,291,48,124,47,5.6945,,INLAND
-118.14,33.97,31,1161,267,1175,282,3.0114,,<1H OCEAN
-122.04,38.25,32,1203,287,571,255,3.0938,,INLAND
-118.37,34.04,43,1465,278,727,290,4.0781,,<1H OCEAN
-122.13,37.68,45,2457,445,1129,422,4.0588,,NEAR BAY
-119.45,35.07,45,973,183,500,177,2.6389,,INLAND
-117.94,33.81,25,1731,482,1127,455,3.256,,<1H OCEAN
-122.05,37.95,22,5175,1213,2804,1091,2.85,,NEAR BAY
-118.32,33.95,44,2023,325,992,326,4.6667,,<1H OCEAN
-118.36,34.04,48,1769,429,993,405,2.3214,,<1H OCEAN
-117.14,32.71,52,800,313,1337,282,1.5594,,NEAR OCEAN
-124.15,40.8,47,1486,335,765,329,1.755,,NEAR OCEAN
-118.35,34.18,46,1840,379,866,360,3.3056,,<1H OCEAN
-118.32,33.75,33,2996,398,1048,387,9.267,,NEAR OCEAN
-118.13,33.89,36,599,125,361,139,5.0395,,<1H OCEAN
-120.84,35.32,15,2419,538,1279,522,3.4762,,NEAR OCEAN
-122.08,37.04,34,2800,577,1353,512,4.1161,,NEAR OCEAN
-121.09,37.61,42,1787,296,921,287,3.8864,,INLAND
-118.15,35.06,15,1069,296,569,263,2.0441,,INLAND
-117.09,32.91,16,2005,266,827,270,7.0546,,<1H OCEAN
-122.59,38.43,20,2791,546,785,512,3.4561,,<1H OCEAN
-122.11,37.4,31,2836,490,1138,481,4.9519,,NEAR BAY
-118.1,33.9,37,796,175,740,183,3.6,,<1H OCEAN
-122.08,37.65,17,5018,1439,3069,1299,2.7694,,NEAR BAY
-118.11,34.06,30,1547,436,1700,410,2.5488,,<1H OCEAN
-121.83,37.29,10,1828,453,1356,409,4.5943,,<1H OCEAN
-118.29,33.96,36,1717,417,902,368,1.4868,,<1H OCEAN
-118.85,34.21,29,2195,414,1360,401,3.4773,,<1H OCEAN
-118.17,34.18,38,1280,231,828,237,4.375,,<1H OCEAN
-118.45,33.99,52,1010,244,573,242,4.1861,,<1H OCEAN
-117.4,34.04,17,1906,334,1550,338,3.025,,INLAND
-118.11,33.83,37,1249,202,517,189,4.4196,,<1H OCEAN
-117.89,33.82,21,1591,298,904,297,4.8906,,<1H OCEAN
-117.23,32.81,24,3271,508,1496,482,5.9359,,NEAR OCEAN
-118.19,33.79,29,3497,1096,2994,919,1.8109,,NEAR OCEAN
-118.26,33.94,45,1080,218,850,237,2.25,,<1H OCEAN
-116.29,33.72,5,3584,760,1097,470,3.1771,,INLAND
-117,32.76,31,2545,373,956,342,4.3977,,<1H OCEAN
-118.42,33.97,44,1462,240,562,237,4.9375,,<1H OCEAN
-117.08,32.63,33,2891,793,1607,754,2.1281,,NEAR OCEAN
-121.91,36.62,52,1431,300,657,293,3.2865,,<1H OCEAN
-122.54,37.7,36,3988,732,1793,708,4.2472,,NEAR OCEAN
-117.23,32.75,23,2415,653,1275,596,3.1389,,NEAR OCEAN
-117.99,33.93,36,1287,233,779,229,4.8523,,<1H OCEAN
-122.06,37.32,30,3033,540,1440,507,6.2182,,<1H OCEAN
-118.25,33.93,42,763,191,754,174,2.0486,,<1H OCEAN
-122.45,38.01,36,4501,832,2196,800,4.3182,,NEAR BAY
-118.1,34.16,46,2863,513,1412,498,5.3272,,INLAND
-122.55,38.02,27,4985,711,1928,742,6.4978,,NEAR BAY
-120.97,38.91,7,4341,716,1978,682,4.8311,,INLAND
-121.22,37.72,34,2123,387,1310,368,2.6368,,INLAND
-117.22,33.14,5,4576,848,2314,705,5.0123,,NEAR OCEAN
-122.96,38.42,50,2530,524,940,361,2.9375,,<1H OCEAN
-122.02,37.09,35,1818,368,682,254,4.8611,,NEAR OCEAN
-122.83,38.4,37,2217,451,1019,428,3.1217,,<1H OCEAN
-119.56,36.09,14,1267,290,1077,279,1.85,,INLAND
-117.22,33.81,4,9911,1946,5145,1661,3.4237,,INLAND
-117.89,34.11,27,2434,535,1623,498,3.6875,,<1H OCEAN
-120.1,39.33,9,2738,510,1193,412,4.3958,,INLAND
-118.49,34.01,28,651,252,333,174,1.9722,,<1H OCEAN
-122.07,37.34,30,1851,238,631,236,10.1007,,<1H OCEAN
-122.07,37.06,31,1634,370,939,332,3.8625,,NEAR OCEAN
-121.94,37.34,42,2174,420,1304,464,3.1429,,<1H OCEAN
-122.34,37.93,30,2515,481,1327,428,2.1287,,NEAR BAY
-117.58,33.66,4,3305,644,1693,597,5.2497,,<1H OCEAN
-118.23,34.18,43,1708,280,768,276,6.207,,<1H OCEAN
-117.27,33.06,7,3686,733,1612,672,3.197,,NEAR OCEAN
-118.04,34.15,34,1523,311,676,295,3.3621,,INLAND
-116.33,33.72,11,12327,2000,2450,1139,7.4382,,INLAND
-121.48,38.61,18,1511,315,1062,304,2.3438,,INLAND
-118.28,33.74,16,855,271,486,250,0.7591,,NEAR OCEAN
-117.69,33.64,16,2592,372,1279,383,6.9741,,<1H OCEAN
-122.53,37.91,37,2524,398,999,417,7.9892,,NEAR BAY
-121.25,38.67,14,6155,1034,2407,941,4.2262,,INLAND
-121.84,36.61,26,2902,761,2258,719,2.5663,,<1H OCEAN
-118.39,34.17,40,1696,372,835,385,3.6563,,<1H OCEAN
-118.45,34.03,39,1657,402,931,363,3.7813,,<1H OCEAN
-118.42,37.36,18,2281,520,1425,465,1.7388,,INLAND
-115.54,32.98,27,1513,395,1121,381,1.9464,,INLAND
-122.36,37.95,40,408,102,302,81,1.8333,,NEAR BAY
-118.14,33.91,34,2011,472,1087,423,3.0465,,<1H OCEAN
-116.25,33.75,33,278,91,375,81,2.025,,INLAND
-118.18,33.8,15,2407,589,1591,506,3.0513,,NEAR OCEAN
-117.87,33.84,23,1678,369,912,347,4.5,,<1H OCEAN
-120.27,34.72,14,1289,277,693,237,3.2569,,<1H OCEAN
-116.99,32.7,15,3660,622,2629,612,4.0444,,NEAR OCEAN
-122.04,37.96,16,2913,723,1705,693,2.9097,,NEAR BAY
-118.39,34.03,19,1450,509,746,437,3.1415,,<1H OCEAN
-118.59,34.15,29,2023,330,747,304,6.7694,,<1H OCEAN
-122.44,37.77,52,3475,807,1518,777,3.6186,,NEAR BAY
-117.95,33.71,16,6058,1715,3285,1495,3.4133,,<1H OCEAN
-118.32,34.03,50,1845,349,1109,335,2.8971,,<1H OCEAN
-119.81,36.81,33,3972,594,1324,561,5.4513,,INLAND
-117.19,32.75,52,1495,230,459,190,8.1548,,NEAR OCEAN
-118.43,34.16,41,2050,478,850,490,3.4208,,<1H OCEAN
-122.3,37.88,46,1647,376,854,355,2.9,,NEAR BAY
-121.55,38.51,22,2403,431,1088,421,3.9,,INLAND
-118.39,34.01,25,1101,285,543,294,2.3571,,<1H OCEAN
-118.32,34.1,28,1759,716,1463,620,1.7306,,<1H OCEAN
-117.92,34.06,35,2894,467,1420,479,5.184,,<1H OCEAN
-120.71,38.85,8,1877,479,884,323,3.4688,,INLAND
-121.91,37.81,7,3477,416,1216,395,13.1499,,INLAND
-121.87,37.22,26,1921,250,725,253,7.6933,,<1H OCEAN
-118.09,33.92,36,847,185,713,194,4.8542,,<1H OCEAN
-118.36,33.97,18,1284,283,990,289,4.0179,,<1H OCEAN
-122.41,40.58,35,2072,385,1029,375,2.8512,,INLAND
-121.39,38.58,41,2577,365,913,339,6.3406,,INLAND
-119.45,36.35,22,1824,333,1076,282,2.3365,,INLAND
-121.99,37.33,35,1802,291,841,315,4.8365,,<1H OCEAN
-122.49,37.73,36,1821,292,742,298,5.6204,,NEAR OCEAN
-117.84,33.84,23,6157,1129,2817,1073,5.0629,,<1H OCEAN
-117.25,32.78,21,1479,484,658,384,2.45,,NEAR OCEAN
-121.29,38.14,34,1500,337,674,282,2.515,,INLAND
-117.9,33.88,34,1396,245,661,261,4.675,,<1H OCEAN
-120.47,37.29,16,749,222,1277,224,1.2054,,INLAND
-122.48,37.69,43,2661,455,1384,456,4.2421,,NEAR OCEAN
-121.28,38.53,18,224,38,95,41,3.1042,,INLAND
-118.16,34.7,33,2918,494,1365,478,4.8787,,INLAND
-122.32,40.57,15,2524,449,1374,467,3.3816,,INLAND
-119.77,36.79,34,2679,460,1141,470,3.2642,,INLAND
-122.06,37.99,16,2445,469,721,474,2.8043,,NEAR BAY
-121.25,38.14,16,1174,242,464,261,2.3,,INLAND
-118.02,33.71,24,2598,443,1184,435,5.8623,,<1H OCEAN
-122.28,40.5,21,2405,476,1197,412,2.6488,,INLAND
-117.24,34.14,6,2383,606,1301,488,3.016,,INLAND
-118.24,33.85,25,9594,1489,5237,1496,5.9684,,<1H OCEAN
-117.88,33.64,16,3615,570,1209,559,8.5574,,<1H OCEAN
-122.45,37.72,52,1729,319,890,300,4.3036,,NEAR BAY
-118.37,34.08,52,1234,223,543,213,6.0338,,<1H OCEAN
-121.88,37.41,23,3224,652,2183,655,4.3807,,<1H OCEAN
-120.47,34.63,23,2441,463,1392,434,3.7917,,NEAR OCEAN
-120.85,37.51,15,1131,285,728,281,1.5531,,INLAND
-118.04,33.87,18,4626,822,2794,763,5.6917,,<1H OCEAN
-119.21,34.31,22,7548,1038,2855,1008,6.729,,NEAR OCEAN
-122.11,37.66,29,2544,643,2332,603,3.2091,,NEAR BAY
-122.09,37.39,34,1508,483,774,443,2.7279,,NEAR BAY
-118.46,34.32,10,5777,1112,2917,1056,4.1514,,<1H OCEAN
-118.31,34.26,34,1797,363,948,363,4.1339,,<1H OCEAN
-121.26,38.68,4,3080,827,1195,683,2.7477,,INLAND
-121.36,37.99,8,1801,380,684,350,4.2589,,INLAND
-119.65,36.34,46,1730,337,752,323,1.8529,,INLAND
-122.47,37.75,46,3238,544,1293,470,6.1592,,NEAR BAY
-121.87,37.39,16,2655,487,1862,448,6.057,,<1H OCEAN
-122.02,37.92,26,5077,640,1872,636,7.4713,,NEAR BAY
-117.22,33.19,16,3004,656,1948,606,2.7019,,<1H OCEAN
-121.75,36.91,52,1211,447,1102,392,1.6875,,<1H OCEAN
-121.83,37.34,21,6404,1232,6047,1235,4.2098,,<1H OCEAN
-121.84,37.18,6,9176,1201,3637,1138,8.3837,,<1H OCEAN
-120.06,36.95,24,646,134,454,149,2.125,,INLAND
-117.41,33.94,22,4179,1081,2096,1013,2.4435,,INLAND
-117.88,33.85,25,1234,351,507,285,2.3173,,<1H OCEAN
-120.22,38.05,14,3803,689,1129,477,2.7188,,INLAND
-119.18,35.5,36,1253,259,932,249,2.1635,,INLAND
-118.15,34.04,44,647,142,457,143,3.6875,,<1H OCEAN
-122,37.36,17,2070,,797,275,8.6155,,<1H OCEAN
-118.42,34.29,34,1489,326,1389,313,3.4821,,<1H OCEAN
-118.15,34.2,37,1997,361,1037,363,3.7932,,INLAND
-121.47,38.49,17,3595,790,2760,770,2.3233,,INLAND
-117.55,33.87,18,8136,1584,4976,1516,3.9414,,INLAND
-122.29,37.81,50,760,190,377,122,0.9011,,NEAR BAY
-119.64,34.43,32,1872,318,749,296,4.625,,<1H OCEAN
-117.05,32.72,35,1777,369,1158,353,3.4107,,NEAR OCEAN
-117.64,33.51,14,1343,175,650,184,7.2648,,<1H OCEAN
-121.27,38.05,26,378,75,164,65,3.4107,,INLAND
-118.27,33.98,39,2062,588,1933,570,1.3801,,<1H OCEAN
-122.08,37.93,35,4043,689,1832,662,5.0761,,NEAR BAY
-118.16,33.84,36,2444,432,1199,424,4.1538,,<1H OCEAN
-122.27,40.46,14,2633,530,1324,513,2.2768,,INLAND
-120.45,34.96,21,2121,445,2211,463,4.0603,,<1H OCEAN
-118,33.88,28,1624,289,755,280,4.7083,,<1H OCEAN
-120.18,36.59,25,948,198,613,171,2.3026,,INLAND
-121,37.66,43,2369,413,944,422,3.2632,,INLAND
-117.18,32.76,8,3694,997,1297,807,3.6492,,NEAR OCEAN
-118.5,34.2,42,1558,322,884,334,2.2304,,<1H OCEAN
-117.94,34.09,21,2707,675,1742,626,2.1062,,<1H OCEAN
-118.27,34.15,7,2837,776,2287,736,3.008,,<1H OCEAN
-118.25,34.02,32,1375,448,1698,432,1.6302,,<1H OCEAN
-121.43,38.58,35,5298,954,1933,918,3.9167,,INLAND
-117.38,34.13,23,1326,300,722,263,2.1856,,INLAND
-118.9,35.41,6,4656,971,2320,935,3.0938,,INLAND
-121.71,36.78,19,2371,324,944,332,5.9175,,<1H OCEAN
-116.99,32.74,18,3341,611,1952,602,3.9844,,<1H OCEAN
-122.31,37.52,35,1817,262,659,262,6.8336,,NEAR OCEAN
-117.06,33.13,12,8742,2114,4854,1957,2.8015,,<1H OCEAN
-118.24,34.12,34,80,26,125,35,0.8907,,<1H OCEAN
-118.36,33.92,46,1231,231,793,256,4.1023,,<1H OCEAN
-118.44,34.29,35,2606,447,1555,404,4.6864,,<1H OCEAN
-122.02,37.36,25,2074,387,1273,383,4.7609,,<1H OCEAN
-116.86,32.8,19,1747,291,848,290,4.875,,<1H OCEAN
-121.44,38.63,38,1673,399,1116,382,1.3302,,INLAND
-120.79,37.76,14,3531,508,1505,497,5.5228,,INLAND
-118.28,34.18,47,2243,339,911,319,7.4046,,<1H OCEAN
-119.38,36.53,38,1281,,1423,293,1.9602,,INLAND
-117.95,33.93,37,2633,630,1904,630,2.6123,,<1H OCEAN
-119.69,36.82,17,1897,433,1207,384,1.8021,,INLAND
-121.1,39.08,13,1110,216,602,209,2.5887,,INLAND
-121.79,37.23,17,2281,359,1226,394,5.4193,,<1H OCEAN
-117.25,34.04,18,5761,1063,2763,1058,4.4472,,INLAND
-117.14,32.71,52,500,,480,108,1.8696,,NEAR OCEAN
-122.07,37.67,38,2104,409,1039,394,3.875,,NEAR BAY
-119.17,34.27,18,8010,1539,3982,1483,4.0905,,NEAR OCEAN
-118.11,34,24,2403,590,2103,547,2.7292,,<1H OCEAN
-121.38,38.64,19,4563,1069,2256,926,2.1472,,INLAND
-118.09,33.92,36,2381,419,1669,444,4.6976,,<1H OCEAN
-117.98,33.71,26,1905,373,1098,368,4.8611,,<1H OCEAN
-121.75,36.91,32,1461,422,1494,416,2.8056,,<1H OCEAN
-117.64,34.09,34,2839,659,1822,631,3.05,,INLAND
-119.77,36.73,44,1960,393,1286,381,2.1518,,INLAND
-122.04,37.04,17,4977,994,1987,947,3.8854,,NEAR OCEAN
-122.5,37.92,32,2639,415,1013,408,6.1632,,NEAR BAY
-118.34,33.95,25,3762,1281,4015,1178,2.1587,,<1H OCEAN
-122.26,38.1,30,3317,1058,1794,990,1.1835,,NEAR BAY
-117.12,32.7,14,819,237,827,237,1.3194,,NEAR OCEAN
-122.51,37.98,37,4801,699,1830,679,6.0762,,NEAR BAY
-121.94,37.34,36,3142,632,1372,560,5.0175,,<1H OCEAN
-119.06,36.1,21,1344,249,868,221,2.5893,,INLAND
-122.03,37.39,34,2600,650,1994,650,4.0223,,<1H OCEAN
-117.9,33.88,28,2696,346,947,356,9.0055,,<1H OCEAN
-121.43,37.75,30,1912,451,1065,388,2.1424,,INLAND
-116.98,33.93,40,2277,498,1391,453,1.9472,,INLAND
-121.55,39.51,48,827,198,396,161,0.8024,,INLAND
-122.02,37.98,37,1474,343,782,331,3.4187,,NEAR BAY
-117.14,32.76,32,2587,681,1246,650,2.1727,,NEAR OCEAN
-118.03,33.83,25,768,195,529,184,3.175,,<1H OCEAN
-117.91,33.93,21,2578,363,1207,350,6.2452,,<1H OCEAN
-119,34.08,17,1822,438,578,291,5.4346,,NEAR OCEAN
-117.95,33.92,11,3127,706,1594,694,4.3426,,<1H OCEAN
-121.94,37.29,22,2593,637,1249,623,3.75,,<1H OCEAN
-121.89,37.66,3,1565,464,769,461,2.1187,,INLAND
-120.62,38.71,10,6305,1150,2597,921,4.0197,,INLAND
-120.96,38.66,11,2339,436,1062,380,3.9036,,INLAND
-117.22,33.31,12,2924,433,1193,394,6.2475,,<1H OCEAN
-118.4,33.99,39,1613,380,1113,356,2.825,,<1H OCEAN
-118.23,33.98,30,2562,959,3909,955,1.9929,,<1H OCEAN
-118.25,33.95,48,1766,424,1655,420,0.9751,,<1H OCEAN
-122.27,37.85,52,1974,426,875,363,1.5817,,NEAR BAY
-121.45,38.48,28,2780,510,1638,533,2.9571,,INLAND
-122.67,38.44,29,2551,448,1165,456,4.3587,,<1H OCEAN
-123.01,38.79,32,2697,529,1417,535,3.2546,,<1H OCEAN
-117.92,33.92,19,2181,400,1272,337,5.1952,,<1H OCEAN
-122.09,37.65,35,1130,192,543,184,4.3897,,NEAR BAY
-117.77,33.7,3,3636,749,1486,696,5.5464,,<1H OCEAN
-122.22,38.1,44,2256,451,1057,426,3.1204,,NEAR BAY
-119.24,36.33,9,3289,621,1866,631,3.1599,,INLAND
-118.15,33.94,37,1594,321,1003,323,3.3289,,<1H OCEAN
-118.02,34.02,21,5992,986,2647,969,5.2405,,<1H OCEAN
-118.43,34.05,22,4251,1073,1581,881,5.2555,,<1H OCEAN
-122.46,37.71,45,1799,394,1436,389,3.65,,NEAR OCEAN
-118.48,34.02,25,1583,460,983,422,2.7019,,<1H OCEAN
-121.94,37.33,36,1893,359,797,360,3.6818,,<1H OCEAN
-122.02,37.8,11,6200,907,2286,896,7.6518,,NEAR BAY
-117.04,32.64,5,2329,542,1213,514,4.0298,,NEAR OCEAN
-117.91,33.83,32,1855,527,2568,504,2.5509,,<1H OCEAN
-118.29,34.03,27,1084,287,1085,279,2.135,,<1H OCEAN
-118.2,34.05,40,1082,318,1085,273,1.7054,,<1H OCEAN
-121.01,37.69,20,3275,760,1538,705,2.48,,INLAND
-117.23,32.74,16,735,139,299,134,4.6354,,NEAR OCEAN
-122.22,37.78,50,1920,530,1525,477,1.4886,,NEAR BAY
-117.92,33.94,30,2506,394,1255,421,4.7813,,<1H OCEAN
-122.05,36.97,16,3363,611,1603,556,4.2542,,NEAR OCEAN
-117.28,34.17,26,3728,888,1765,727,1.7456,,INLAND
-120.47,34.65,31,1438,320,816,270,2.4583,,NEAR OCEAN
-118.09,34.68,4,23386,4171,10493,3671,4.0211,,INLAND
-118.54,34.27,28,2309,300,931,302,6.7415,,<1H OCEAN
-121.27,37.96,52,583,114,310,93,2.5625,,INLAND
-120.84,37.51,20,1901,313,1258,320,3.8958,,INLAND
-121.25,38.69,24,1014,185,606,194,4.1607,,INLAND
-118.27,34.05,24,323,214,751,189,1.8304,,<1H OCEAN
-118.21,33.96,39,2265,628,2323,599,2.1522,,<1H OCEAN
-118.12,34.1,34,2918,555,1435,568,4.2344,,<1H OCEAN
-122.34,37.59,44,1395,269,736,288,5.6206,,NEAR OCEAN
-118.16,34.14,41,3039,482,973,446,7.4817,,<1H OCEAN
-118.09,33.76,26,1625,440,533,414,1.808,,<1H OCEAN
-122.45,37.72,52,982,197,653,171,4.2167,,NEAR BAY
-118.53,34.22,29,4101,849,2630,867,4.6607,,<1H OCEAN
-118.3,34.11,25,1590,218,568,206,8.4389,,<1H OCEAN
-122.26,37.82,31,4596,1331,2048,1180,2.8345,,NEAR BAY
-119.65,36.37,4,3725,783,1478,600,3.5486,,INLAND
-117.34,34.13,29,1494,286,991,280,2.125,,INLAND
-122.53,37.93,42,2171,362,887,347,6.6125,,NEAR BAY
-122.12,37.85,18,5252,686,1870,657,8.0074,,NEAR BAY
-122.57,40.61,27,1540,315,883,321,2.8036,,INLAND
-118.18,33.95,39,2121,579,1991,528,2.9094,,<1H OCEAN
-118.03,33.84,30,4781,831,2568,797,5.4746,,<1H OCEAN
-117.35,34.15,32,2699,552,2086,551,2.2974,,INLAND
-117.84,33.73,20,2572,732,1534,669,2.4211,,<1H OCEAN
-117.29,34.14,52,1683,266,646,256,4.0481,,INLAND
-117.97,33.75,32,1564,270,973,290,3.75,,<1H OCEAN
-122.4,37.76,52,1495,311,506,275,4.4375,,NEAR BAY
-121.84,37.32,14,5762,1538,3979,1389,3.6953,,<1H OCEAN
-121.25,37.92,19,2109,427,1742,426,2.4097,,INLAND
-122.33,40.6,5,6383,1206,2965,1141,3.8103,,INLAND
-115.37,32.82,30,1602,322,1130,335,3.5735,,INLAND
-118.07,33.79,26,4422,624,1936,625,6.4288,,<1H OCEAN
-117.13,33.13,17,3164,652,1123,699,2.082,,<1H OCEAN
-118.25,34.13,52,322,88,229,89,2.125,,<1H OCEAN
-121.03,39.37,15,1337,326,1172,306,2.6341,,INLAND
-121.29,37.95,52,288,86,272,54,0.696,,INLAND
-118.07,33.9,42,1007,224,776,228,3.8672,,<1H OCEAN
-118.04,33.99,36,3531,754,1613,697,3.2359,,<1H OCEAN
-118.33,34.15,39,493,168,259,138,2.3667,,<1H OCEAN
-118.38,34.19,42,1308,289,950,302,2.7379,,<1H OCEAN
-117.05,32.67,32,4227,785,2842,795,3.9646,,NEAR OCEAN
-122.05,39.6,34,2051,342,958,322,2.8466,,INLAND
-122.29,37.89,52,2269,380,1004,371,5.1696,,NEAR BAY
-122.03,37.97,20,3968,931,2629,903,2.9915,,NEAR BAY
-118.12,33.83,44,1712,314,691,293,4.3594,,<1H OCEAN
-118.02,33.77,33,2683,436,1520,456,5.0091,,<1H OCEAN
-121.99,37.36,32,1754,324,917,330,4.6761,,<1H OCEAN
-118,34.08,23,1627,318,1279,289,4.6467,,INLAND
-119.3,34.42,18,5591,1042,2860,1026,3.5822,,NEAR OCEAN
-117.37,33.7,8,4345,865,2425,785,3.2481,,<1H OCEAN
-117.14,33.23,11,4068,829,918,500,3.1272,,<1H OCEAN
-118.61,34.15,32,4491,815,1696,749,4.9102,,<1H OCEAN
-118.35,34.07,45,7803,2154,3359,2041,3.3594,,<1H OCEAN
-117.96,33.71,19,1624,221,782,228,4.5962,,<1H OCEAN
-122.21,38.1,36,3018,557,1445,556,3.8029,,NEAR BAY
-122.4,40.58,40,3895,929,1782,910,1.3329,,INLAND
-122.3,38.32,20,2063,486,1045,460,2.5035,,NEAR BAY
-117.86,33.76,34,3153,561,1679,532,4.7083,,<1H OCEAN
-119,36.07,20,1042,183,509,175,2.9815,,INLAND
-121.92,37.28,26,6201,783,2381,819,7.9819,,<1H OCEAN
-117.19,33.64,12,1481,265,757,243,3.235,,<1H OCEAN
-121.84,39.73,52,502,100,311,100,1.5481,,INLAND
-121.23,37.95,36,811,168,514,152,2.625,,INLAND
-117.94,34.04,36,1431,354,1367,334,3.5592,,<1H OCEAN
-121.85,37.26,16,2312,303,1158,295,7.4323,,<1H OCEAN
-118.11,33.9,35,1323,269,1084,240,5.0753,,<1H OCEAN
-120.47,34.64,16,1912,406,1009,417,3.4063,,NEAR OCEAN
-118.35,34.1,18,7432,2793,3596,2270,2.8036,,<1H OCEAN
-119.76,36.79,32,2463,468,1261,486,3.3281,,INLAND
-117.05,32.81,17,1885,292,771,301,5.6402,,<1H OCEAN
-117.08,32.71,27,2204,598,1656,521,1.4821,,NEAR OCEAN
-117.13,32.96,15,2267,292,1180,289,6.712,,<1H OCEAN
-117.61,34.13,21,8416,1386,4308,1341,4.4611,,INLAND
-122.25,37.49,43,2607,477,1225,461,4.224,,NEAR OCEAN
-118.15,34.2,52,1786,306,1018,322,4.1518,,INLAND
-117.41,34,26,2372,621,1647,612,1.4719,,INLAND
-122.14,39.65,33,419,77,190,67,3.6429,,INLAND
-117.33,34.06,42,530,123,390,124,1.0469,,INLAND
-122.17,37.74,34,1223,281,824,280,2.2917,,NEAR BAY
-117.05,32.67,16,2168,343,1589,338,5.4863,,NEAR OCEAN
-121.51,38.55,46,1485,278,531,291,2.7885,,INLAND
-121.9,37.25,20,5483,1079,2892,1057,4.6845,,<1H OCEAN
-121.45,38.51,29,4221,901,2294,850,2.2245,,INLAND
-121.78,37.69,35,2853,588,1761,572,4.3533,,INLAND
-118.39,34.16,20,4084,1062,1637,987,3.2388,,<1H OCEAN
-119.81,34.47,26,4382,618,1728,587,7.4734,,NEAR OCEAN
-118.29,33.99,43,1902,398,1153,363,1.9375,,<1H OCEAN
-118.36,33.95,42,2532,627,2038,591,2.875,,<1H OCEAN
-120.84,38.81,11,1280,286,609,248,3.1635,,INLAND
-117.58,34.09,27,754,200,746,185,1.9531,,INLAND
-121.9,38.04,36,1489,331,838,259,1.2024,,INLAND
-117.46,34.14,10,714,131,381,119,0.8926,,INLAND
-122.29,37.56,34,1693,281,846,291,5.3683,,NEAR BAY
-117.93,34.57,5,5613,1060,3569,999,3.1946,,INLAND
-118.22,33.83,44,1792,404,1115,358,3.9091,,<1H OCEAN
-122.13,39.74,20,1401,280,668,250,2.2569,,INLAND
-118.04,33.83,20,1488,312,972,283,4.055,,<1H OCEAN
-118.1,33.99,31,965,217,599,206,2.7202,,<1H OCEAN
-121.79,37.66,22,14701,2210,6693,2232,5.98,,INLAND
-116.27,34.13,37,452,109,184,59,3.7292,,INLAND
-117.76,33.88,9,4838,759,2090,695,6.6536,,<1H OCEAN
-122.23,37.82,52,3494,396,1192,383,12.3804,,NEAR BAY
-118.55,34.37,21,7010,1063,3331,1038,6.776,,<1H OCEAN
-118.46,34.05,25,4077,1151,1719,1017,3.7721,,<1H OCEAN
-118.21,34.11,32,2759,499,1661,533,4.3812,,<1H OCEAN
-117.25,32.82,19,5255,762,1773,725,7.8013,,NEAR OCEAN
-122.03,38.01,27,3228,562,1666,588,4.5707,,NEAR BAY
-121.89,37.35,47,2879,631,2229,606,3.2599,,<1H OCEAN
-117.27,32.85,26,1373,,608,268,4.425,,NEAR OCEAN
-118.32,34.1,52,786,270,756,273,2.2311,,<1H OCEAN
-121.36,38.01,16,2178,667,1192,579,2.3339,,INLAND
-118.12,33.99,27,2316,559,2012,544,2.8155,,<1H OCEAN
-122.23,37.82,52,3242,366,1001,352,12.2138,,NEAR BAY
-122.2,37.79,35,1802,459,1009,390,2.3036,,NEAR BAY
-120.98,39.08,20,4570,906,2125,815,3.0403,,INLAND
-116.52,33.85,13,7559,1444,3189,1105,3.4886,,INLAND
-121.38,38.49,11,8537,1643,4224,1648,2.9647,,INLAND
-114.61,34.83,31,2478,464,1346,479,3.212,,INLAND
-117.18,32.78,21,4185,1018,3122,993,3.0481,,NEAR OCEAN
-121.32,38.71,14,4594,774,2474,782,4.5245,,INLAND
-117.9,34.01,27,1702,381,2091,352,3.7917,,<1H OCEAN
-117.02,33.6,7,1972,352,964,317,3.244,,INLAND
-121.36,38.01,16,926,230,451,198,4.0221,,INLAND
-118.34,34.13,45,2375,417,751,410,6.6739,,<1H OCEAN
-122.23,37.81,52,2315,292,861,258,8.8793,,NEAR BAY
-122.48,37.74,52,2166,423,1072,370,4.131,,NEAR OCEAN
-121.39,39.61,22,2828,610,986,391,2.8871,,INLAND
-117.6,33.45,4,2369,566,996,435,5.4031,,NEAR OCEAN
-121.29,37.96,52,888,324,630,258,1.2411,,INLAND
-116.52,33.81,12,12396,2552,2548,1265,3.4394,,INLAND
-122.07,37.67,27,3239,671,1469,616,3.2465,,NEAR BAY
-122.43,37.76,52,3708,849,1531,822,3.3565,,NEAR BAY
-121.79,36.64,11,32627,6445,28566,6082,2.3087,,<1H OCEAN
-122.07,37.91,28,1731,295,810,295,5.0391,,NEAR BAY
-121.82,37.37,42,2913,577,1873,580,3.7214,,<1H OCEAN
-121.95,37.33,31,1866,465,821,447,2.3547,,<1H OCEAN
-117.13,32.9,15,2785,644,1798,630,3.7156,,<1H OCEAN
-117.39,34.07,26,1387,277,664,239,3.0278,,INLAND
-118.09,33.77,27,2301,640,847,627,1.7208,,<1H OCEAN
-117.64,34.03,11,2050,382,1044,371,4.8281,,INLAND
-117.95,33.79,34,2912,520,1625,501,4.4667,,<1H OCEAN
-118.37,34.04,43,888,170,514,161,3.1827,,<1H OCEAN
-118.51,34.25,24,4338,558,1514,549,8.8612,,<1H OCEAN
-117.38,33.14,14,5039,1373,1298,696,3.209,,NEAR OCEAN
-118.22,33.89,37,797,190,485,166,2.7434,,<1H OCEAN
-118.4,33.78,24,4787,562,1653,548,12.9758,,NEAR OCEAN
-121.86,36.63,37,338,109,231,100,2.5313,,<1H OCEAN
-117.78,33.7,16,1663,250,597,204,5.409,,<1H OCEAN
-119.19,36.06,29,1815,376,1421,339,1.9091,,INLAND
-121.34,38.44,14,3205,465,1439,456,5.7452,,INLAND
-117.43,34.01,34,2101,426,1150,377,3.0909,,INLAND
-117.97,33.68,26,1616,292,700,241,5.5105,,<1H OCEAN
-117.1,34.57,6,5110,1044,1938,724,3.1917,,INLAND
-121.18,37.79,16,1326,286,509,297,1.9464,,INLAND
-117.6,33.86,23,2949,473,1671,477,5.195,,INLAND
-121,35.94,16,3077,628,1479,536,3.3724,,<1H OCEAN
-118.95,35.38,35,2220,388,906,373,3.5938,,INLAND
-118.06,33.91,24,4880,1044,4516,1050,4.1387,,<1H OCEAN
-122.95,40.67,17,1498,331,574,242,2.0268,,INLAND
-122.46,37.7,37,1028,275,904,261,3.5035,,NEAR OCEAN
-119.76,36.8,20,6257,1346,2795,1267,2.2094,,INLAND
-121.96,37.13,26,50,5,17,4,15.0001,,<1H OCEAN
-118.2,34.13,30,3369,824,2032,795,4.0052,,<1H OCEAN
-118.25,33.89,41,1476,286,1086,278,2.4632,,<1H OCEAN
-118.37,34.16,25,2450,618,1054,578,3.6375,,<1H OCEAN
-122.56,37.92,37,1926,290,721,298,8.9248,,NEAR BAY
-122.2,39.93,9,1296,287,768,260,1.9191,,INLAND
-117.91,33.61,27,1797,343,435,203,5.9196,,<1H OCEAN
-122.55,38.42,24,2220,411,894,365,4.2891,,<1H OCEAN
-117.56,33.83,28,895,127,346,115,5.4788,,INLAND
-118.37,34.07,52,1084,247,468,255,3.4286,,<1H OCEAN
-119.76,36.75,39,2233,563,2031,491,1.8641,,INLAND
-117.18,32.83,31,1772,353,1090,350,3.9265,,NEAR OCEAN
-122.32,38.32,19,2922,417,1221,442,5.8002,,NEAR BAY
-117.05,34.02,21,3098,646,1351,614,2.598,,INLAND
-118.35,33.88,25,1459,362,1150,354,3.35,,<1H OCEAN
-121.42,38.62,33,3171,832,1591,695,2.0786,,INLAND
-121.38,36.84,6,3769,669,2061,648,4.1875,,INLAND
-118.17,33.77,45,2151,643,1047,579,3.1149,,NEAR OCEAN
-122.41,37.8,30,1821,738,1648,684,0.8836,,NEAR BAY
-122.11,37.67,36,2110,389,952,370,3.8,,NEAR BAY
-119.61,36.56,34,1911,497,1886,481,1.625,,INLAND
-118.01,34.06,26,557,153,455,196,2.7721,,INLAND
-118.19,33.99,37,2073,614,2544,598,2.9054,,<1H OCEAN
-118.31,34.03,46,2173,510,1343,476,2.025,,<1H OCEAN
-122.18,37.78,50,1642,322,713,284,3.2984,,NEAR BAY
-118.74,34.28,21,4056,637,1974,634,5.9024,,<1H OCEAN
-120.93,37.66,10,7566,1348,3227,1199,4.744,,INLAND
-121.65,37.12,14,4721,999,2648,888,3.6895,,<1H OCEAN
-117.98,34.04,29,1468,310,1390,276,3.75,,<1H OCEAN
-122.02,37.29,18,2550,312,999,320,8.7939,,<1H OCEAN
-118.32,33.34,52,996,264,341,160,2.7361,,ISLAND
-118.88,35.34,20,1351,255,762,253,2.1111,,INLAND
-117.39,34.04,27,2919,549,1841,564,2.8682,,INLAND
-118.09,33.9,37,1147,258,742,242,4.0461,,<1H OCEAN
-117,32.67,16,2238,307,1002,303,6.6143,,NEAR OCEAN
-120.35,36.16,18,1519,296,846,272,2.7792,,INLAND
-119.81,36.78,36,1650,313,660,298,3,,INLAND
-122.08,37.34,23,2597,335,922,338,10.5142,,<1H OCEAN
-117.92,33.91,33,2868,382,1204,412,6.1825,,<1H OCEAN
-118.4,34.1,27,3979,510,1351,520,15.0001,,<1H OCEAN
-118.32,33.97,46,1504,270,814,306,4.3919,,<1H OCEAN
-118.37,33.88,27,1688,331,811,327,4.5357,,<1H OCEAN
-118.39,34.05,47,1621,314,724,311,5.7509,,<1H OCEAN
-120.97,37.67,31,1648,293,792,294,2.4,,INLAND
-117.81,33.64,4,1741,225,811,233,12.3411,,<1H OCEAN
-118.41,33.96,32,1044,219,567,222,4.1471,,<1H OCEAN
-118.17,33.77,45,2508,797,1340,720,2.6786,,NEAR OCEAN
-122.22,37.77,40,494,114,547,135,2.8015,,NEAR BAY
-117.15,34.05,9,1442,219,633,230,5.0227,,INLAND
-119.69,34.42,17,1826,544,1325,532,1.2762,,<1H OCEAN
-118.27,33.93,41,570,135,466,121,2.6458,,<1H OCEAN
-122.41,37.79,52,3610,1286,1504,1047,3.2059,,NEAR BAY
-118.45,33.99,52,1829,472,779,424,3.1607,,<1H OCEAN
-117.14,32.76,24,3523,991,1775,873,2.1273,,NEAR OCEAN
-117.69,34,28,707,154,561,129,2.5781,,INLAND
-122.16,37.45,50,196,41,76,42,7.6129,,NEAR BAY
-118.06,33.81,25,3497,513,1839,544,5.4216,,<1H OCEAN
-117.3,33.07,16,3147,765,2165,690,3.5585,,NEAR OCEAN
-120.89,37.21,25,3301,678,994,306,3.2262,,INLAND
-118.52,34.4,5,7748,1557,4768,1393,5.305,,<1H OCEAN
-120.6,35.11,17,2495,524,1292,501,2.2625,,<1H OCEAN
-119.77,36.76,40,2009,519,2219,505,1.2101,,INLAND
-117.95,33.8,34,1654,285,905,292,4.6389,,<1H OCEAN
-122.05,37.33,21,2052,346,933,351,5.3167,,<1H OCEAN
-120.44,34.88,9,3124,415,1169,407,6.7694,,<1H OCEAN
-117.05,32.68,19,1469,275,1010,292,3.5664,,NEAR OCEAN
-122.16,37.17,35,6422,1380,2755,1064,5.0165,,NEAR OCEAN
-120.11,34.62,16,2943,394,959,359,6.2094,,NEAR OCEAN
-121.56,39.51,47,1064,245,603,190,1.3654,,INLAND
-117.82,34.13,27,3770,573,1606,562,6.1321,,INLAND
-122.28,37.8,52,96,31,191,34,0.75,,NEAR BAY
-118.16,34.09,36,3334,920,2881,800,2.1696,,<1H OCEAN
-122.39,37.57,35,520,83,185,76,6.4865,,NEAR OCEAN
-121.21,37.81,8,1883,298,999,301,5.193,,INLAND
-119.83,34.44,35,796,281,567,257,2.1389,,NEAR OCEAN
-121.78,37.31,25,2093,297,983,338,6.4664,,<1H OCEAN
-122.26,38.16,23,2840,491,1586,466,4.0337,,NEAR BAY
-117.94,33.73,24,4197,718,2468,714,5.2563,,<1H OCEAN
-122.02,37.35,17,2975,608,1465,577,5.8779,,<1H OCEAN
-122.41,37.75,9,1282,334,1176,305,2.6538,,NEAR BAY
-119.02,36.05,22,2078,431,1336,456,2.2202,,INLAND
-121.79,38.69,23,1755,321,1061,313,2.8864,,INLAND
-118.36,34.17,44,2295,560,1543,528,2.3851,,<1H OCEAN
-117.76,34.05,36,2910,819,3055,782,1.9029,,INLAND
-121.85,37.41,17,2156,435,1400,393,5.6096,,<1H OCEAN
-121.38,38.59,36,2253,434,1018,426,3.2596,,INLAND
-122.25,37.8,52,2087,510,1197,488,3.0149,,NEAR BAY
-117.13,33.89,4,1611,239,275,84,3.5781,,INLAND
-118.38,33.77,21,11353,1537,4649,1504,9.821,,NEAR OCEAN
-117.84,33.74,22,6072,1802,4715,1666,3.1353,,<1H OCEAN
-121.06,39.22,52,1749,422,837,391,2.325,,INLAND
-117.89,34.13,34,2159,386,1443,385,4.1995,,<1H OCEAN
-121.24,37.97,47,886,196,517,188,2.1991,,INLAND
-122.11,37.7,29,1298,306,835,338,2.3274,,NEAR BAY
-118.31,34.02,52,1832,441,1186,420,1.2434,,<1H OCEAN
-121.99,37.61,9,3666,711,2341,703,4.6458,,<1H OCEAN
-117.08,33.82,6,1771,293,935,279,4.065,,INLAND
-118.49,34.25,33,2088,383,960,362,4.3333,,<1H OCEAN
-118.09,33.92,33,879,181,547,169,5.3146,,<1H OCEAN
-117.95,34.05,34,1428,227,890,249,5.8722,,<1H OCEAN
-117.2,32.77,30,156,45,77,40,3.2679,,NEAR OCEAN
-118.37,34.03,43,1350,287,811,307,3.3636,,<1H OCEAN
-117.08,32.69,31,2558,487,1938,492,3.4875,,NEAR OCEAN
-118.31,34.01,39,2073,566,1246,547,2.0417,,<1H OCEAN
-118.33,34.11,48,1601,464,784,461,3.0642,,<1H OCEAN
-117.23,33.23,13,2899,657,1946,579,2.9875,,<1H OCEAN
-122.93,38.02,28,1284,265,628,219,3.5469,,NEAR OCEAN
-121.45,38.69,32,2962,526,1542,521,2.2243,,INLAND
-121.19,38.87,20,3118,500,1405,519,6,,INLAND
-122.01,37.4,24,1297,297,441,282,3.1439,,<1H OCEAN
-121.45,38.56,52,3420,555,1301,530,4.0417,,INLAND
-117.97,33.68,26,3653,568,1930,585,5.7301,,<1H OCEAN
-121.31,38.64,19,5407,838,1927,804,4.6302,,INLAND
-121.9,37.27,33,3410,583,1739,588,5.0714,,<1H OCEAN
-117.75,33.61,17,2499,566,781,522,3.1779,,<1H OCEAN
-118.14,33.77,51,2812,621,1171,566,3.875,,NEAR OCEAN
-117.29,34.13,52,2424,528,1171,455,1.4815,,INLAND
-121.17,37.97,28,1374,248,769,229,3.6389,,INLAND
-118.95,34.17,9,2372,312,1039,321,7.6016,,<1H OCEAN
-118.01,33.8,16,4021,701,1488,650,5.32,,<1H OCEAN
-118,33.81,17,1530,404,883,344,2.8835,,<1H OCEAN
-116.38,33.74,7,17579,3479,3581,1820,4.084,,INLAND
-118.44,34.18,36,2077,496,1206,528,2.2326,,<1H OCEAN
-120.69,38.44,13,1473,265,597,228,4.2917,,INLAND
-120.15,39.2,14,1382,242,141,66,4.1016,,INLAND
-121.91,36.55,39,5468,834,1782,712,5.7248,,NEAR OCEAN
-118.32,34.17,45,3448,690,1562,643,4.0648,,<1H OCEAN
-118.2,34.13,52,2035,459,2589,438,3.5349,,<1H OCEAN
-118.32,33.9,37,1664,401,1316,409,3.0526,,<1H OCEAN
-122.64,41.73,36,3319,664,1492,631,1.8694,,INLAND
-117.97,33.77,25,1295,417,856,342,2.7157,,<1H OCEAN
-118.49,34.26,27,2722,468,1164,419,4.6591,,<1H OCEAN
-120.75,37.37,32,1656,317,1037,286,2.4964,,INLAND
-122.27,37.43,33,1601,223,629,215,15.0001,,NEAR OCEAN
-121.39,36.16,28,1057,249,288,130,3.0526,,NEAR OCEAN
-122.3,37.91,39,2686,569,1159,559,2.9441,,NEAR BAY
-118.26,33.82,28,5091,1074,4753,1033,3.6477,,<1H OCEAN
-121.48,38.58,42,1823,566,761,503,1.245,,INLAND
-121.68,37.98,19,3388,599,1707,575,3.6411,,INLAND
-118.35,33.92,24,2728,845,2023,773,2.75,,<1H OCEAN
-122.53,37.93,37,1722,352,648,337,4.125,,NEAR BAY
-122.5,37.74,44,2374,496,1087,426,3.5,,NEAR OCEAN
-121.47,38.52,42,2316,515,1597,522,1.8205,,INLAND
-118.23,34.05,52,346,270,346,251,2.5313,,<1H OCEAN
-117.81,33.56,24,6258,1003,1730,752,10.9601,,<1H OCEAN
-118.22,33.99,24,1402,482,1976,466,2.6964,,<1H OCEAN
-116.54,33.81,31,6814,1714,2628,1341,2.1176,,INLAND
-117.83,33.82,23,1100,285,940,267,3.6953,,<1H OCEAN
-121.36,36.81,7,4609,741,1660,720,5.0871,,INLAND
-118.29,34.02,21,1641,491,1526,453,2.087,,<1H OCEAN
-119.85,36.82,16,1852,274,887,286,5.5405,,INLAND
-118.84,34.11,12,7508,1058,2484,965,5.8788,,NEAR OCEAN
-119.84,34.44,28,977,162,537,159,4.2404,,NEAR OCEAN
-122.65,38.97,32,1856,472,703,292,1.1912,,INLAND
-122.68,38.4,32,2826,627,1767,628,3.1047,,<1H OCEAN
-118.26,33.95,38,1387,346,1240,355,1.6898,,<1H OCEAN
-118.13,33.83,45,3087,574,1474,567,5.5196,,<1H OCEAN
-121.44,37.75,16,2229,458,1199,445,3.4821,,INLAND
-122.29,37.52,33,4104,751,1837,771,5.3506,,NEAR OCEAN
-118.47,34.25,21,2692,477,1330,456,4.5417,,<1H OCEAN
-117.98,33.89,18,2939,437,1278,435,7.1425,,<1H OCEAN
-122.65,38.99,16,4279,951,1596,666,1.8571,,INLAND
-115.69,32.79,18,1564,340,1161,343,2.1792,,INLAND
-119.75,34.45,6,2864,,1404,603,5.5073,,NEAR OCEAN
-121.35,38.51,29,2337,391,1054,352,4.2206,,INLAND
-118.22,34.14,52,1388,271,735,239,3.7404,,<1H OCEAN
-117.93,33.81,18,3291,587,1640,563,4.8981,,<1H OCEAN
-118.13,34.2,46,1271,236,573,210,4.9312,,INLAND
-116.46,33.78,33,2565,745,2301,638,2.5477,,INLAND
-118.31,33.83,45,2929,755,1635,652,2.9375,,<1H OCEAN
-120.25,36.65,31,1177,221,744,223,2.4937,,INLAND
-120.18,34.75,17,2074,382,1035,359,3.7958,,<1H OCEAN
-121.93,37.74,16,3326,419,1272,402,6.8806,,<1H OCEAN
-118.41,34.19,42,779,145,450,148,3.9792,,<1H OCEAN
-121.73,36.93,29,2931,535,1954,506,3.2917,,<1H OCEAN
-118.37,34.24,40,1283,246,594,236,4.1121,,<1H OCEAN
-118.21,34.21,41,1676,263,757,255,4.7734,,<1H OCEAN
-122.1,37.65,36,410,76,252,82,4.5303,,NEAR BAY
-118.14,34.03,44,2003,390,1291,392,4.0625,,<1H OCEAN
-120.08,39.61,32,1404,247,544,201,2.7778,,INLAND
-116.6,33.06,23,1731,365,612,258,2.7813,,INLAND
-118.02,34.08,29,2741,667,2449,677,3.6944,,INLAND
-117.12,32.75,13,2795,773,1869,690,2.1767,,NEAR OCEAN
-122.27,37.78,45,1169,263,723,286,3.9444,,NEAR BAY
-119.78,36.71,35,1987,394,1233,383,1.3587,,INLAND
-118.34,34.11,40,5485,1242,2034,1133,3.6974,,<1H OCEAN
-118.25,34.07,18,4297,1420,4332,1286,2.2545,,<1H OCEAN
-121.68,36.72,12,19234,4492,12153,4372,3.2652,,<1H OCEAN
-118.39,34.08,27,6605,1710,2665,1520,3.8088,,<1H OCEAN
-119.17,34.17,21,2361,464,1146,396,3.6597,,NEAR OCEAN
-118.19,33.91,35,2695,748,2935,706,2.0134,,<1H OCEAN
-117.05,32.76,37,4879,906,2076,871,3.6625,,NEAR OCEAN
-118.4,33.97,35,913,161,451,172,5.6169,,<1H OCEAN
-118.37,33.87,19,757,148,361,141,6.02,,<1H OCEAN
-120.19,39.32,16,1536,298,646,208,2.3594,,INLAND
-118.36,34.18,34,1471,423,995,386,2.9583,,<1H OCEAN
-117.95,34.09,18,1179,324,1296,331,2.851,,<1H OCEAN
-122.28,37.83,52,1511,390,901,403,1.4103,,NEAR BAY
-122.29,37.88,50,1211,261,523,227,3.8672,,NEAR BAY
-119.82,36.81,25,3305,551,1149,500,5.0698,,INLAND
-121.28,38.7,15,5828,1051,2868,1037,3.7813,,INLAND
-117.7,33.54,4,4956,693,1802,625,7.9338,,<1H OCEAN
-122.12,37.68,40,1553,253,724,267,4.38,,NEAR BAY
-119.84,36.79,21,3235,648,1820,614,3.3447,,INLAND
-118.32,34.09,44,2666,,2297,726,1.676,,<1H OCEAN
-117.09,32.7,15,869,217,887,216,1.4583,,NEAR OCEAN
-118.16,34.19,44,2195,449,1377,417,3.5887,,<1H OCEAN
-122.1,37.68,37,2116,503,1109,448,2.535,,NEAR BAY
-121.08,38.85,10,2509,422,1037,389,6,,INLAND
-117.72,33.54,13,4866,812,1909,733,4.9821,,<1H OCEAN
-118.18,34.13,44,2734,415,1057,424,7.9213,,<1H OCEAN
-117.8,34.02,23,3351,591,1535,522,5.0869,,<1H OCEAN
-118.08,34,32,1165,358,997,361,0.9817,,<1H OCEAN
-120.62,37.35,18,874,203,572,190,1.6833,,INLAND
-117.66,35.63,33,2579,564,1155,431,2.0441,,INLAND
-118.18,33.78,36,1697,550,1379,434,1.2746,,NEAR OCEAN
-117.9,33.61,19,2897,413,860,367,13.1738,,<1H OCEAN
-118.39,34.03,25,3442,1050,1890,914,3.0574,,<1H OCEAN
-118.35,34.03,43,2122,524,1510,436,2.2273,,<1H OCEAN
-121.95,37.32,20,1145,198,431,173,3.1103,,<1H OCEAN
-117.07,32.71,26,4151,823,2822,697,2.8372,,NEAR OCEAN
-118.39,33.89,38,1851,332,750,314,7.3356,,<1H OCEAN
-118.77,34.27,10,1658,310,1053,333,4.7574,,<1H OCEAN
-117.81,33.63,17,4477,610,1798,612,8.1093,,<1H OCEAN
-122.43,37.77,52,2714,779,1438,733,3.6031,,NEAR BAY
-117.87,33.72,37,2216,497,2445,506,3.8421,,<1H OCEAN
-117.31,34.03,24,1966,299,786,302,5.0318,,INLAND
-117.68,34.15,24,1033,189,486,204,4.1719,,INLAND
-118.35,34.25,34,2795,460,1267,443,6.1464,,<1H OCEAN
-122.23,38.12,49,2715,435,1006,429,4.2308,,NEAR BAY
-118.26,33.91,39,935,210,711,193,2.4375,,<1H OCEAN
-118.4,34.03,13,6152,1978,3397,1845,3.4058,,<1H OCEAN
-119.03,34.25,25,3344,502,1483,496,6.196,,<1H OCEAN
-118.36,33.86,34,1865,345,963,302,5.543,,<1H OCEAN
-121.1,38.92,21,4064,871,1847,859,3.0321,,INLAND
-118.5,34.19,26,2156,509,1142,470,4,,<1H OCEAN
-122.35,37.93,28,1995,488,1182,439,2.3352,,NEAR BAY
-117.15,34.83,30,5370,1062,2778,944,3.099,,INLAND
-124.14,41.95,21,2696,578,1208,494,2.275,,NEAR OCEAN
-120.79,38.83,15,1374,291,709,239,1.7222,,INLAND
-120.88,38.58,8,3417,604,1703,623,4.0827,,INLAND
-118,33.91,19,5166,770,2374,753,5.979,,<1H OCEAN
-117.76,33.94,40,1092,213,457,190,5.1165,,<1H OCEAN
-117.14,32.71,52,1225,332,955,321,1.6011,,NEAR OCEAN
-122.34,37.57,28,3751,949,1691,846,3.9728,,NEAR OCEAN
-124.17,40.62,32,1595,309,706,277,2.8958,,NEAR OCEAN
-116.99,33.2,17,2980,539,1531,505,3.1553,,<1H OCEAN
-118.92,35.38,33,3122,579,1733,545,3.8307,,INLAND
-122.27,37.85,47,1375,307,843,319,1.3785,,NEAR BAY
-122.13,38.26,40,1538,255,669,263,3.3281,,NEAR BAY
-118.13,34.19,42,2203,412,1012,377,4.0714,,INLAND
-120.4,37.92,22,1022,194,517,198,3.625,,INLAND
-117.96,34.14,33,1994,405,993,403,3.766,,INLAND
-118.39,33.97,43,2700,510,1146,506,5.1333,,<1H OCEAN
-122.13,37.43,32,4398,878,1799,792,4.7375,,NEAR BAY
-117.68,35.64,15,3253,573,1408,586,5.2043,,INLAND
-118.01,34.1,27,2424,542,1713,557,3.8085,,INLAND
-117.75,33.72,10,2464,347,1241,366,8.7603,,<1H OCEAN
-117.26,32.81,25,2076,586,1060,554,2.8421,,NEAR OCEAN
-117.27,34.05,34,1703,395,849,359,3.1607,,INLAND
-117.7,33.63,16,4428,745,1525,682,5.2325,,<1H OCEAN
-118.6,34.08,40,866,181,399,176,6.91,,<1H OCEAN
-118.26,33.97,44,1246,308,1031,295,1.9556,,<1H OCEAN
-118.38,33.88,36,2501,443,1031,422,4.75,,<1H OCEAN
-118.15,33.94,36,1948,341,992,363,4.2594,,<1H OCEAN
-118.37,34.15,29,2630,617,1071,573,3.3669,,<1H OCEAN
-118.22,33.9,22,312,107,583,119,1.9423,,<1H OCEAN
-118.04,33.8,33,2685,466,1359,476,5.0261,,<1H OCEAN
-117.95,33.92,18,2825,660,1590,643,3.6106,,<1H OCEAN
-121.35,38.68,18,7923,1558,3789,1473,3.5403,,INLAND
-117.27,34.13,36,3337,687,2388,589,2.9628,,INLAND
-122.08,37.4,23,806,158,373,156,5.9291,,NEAR BAY
-122.29,37.89,52,2178,421,940,423,5.0551,,NEAR BAY
-119.33,35.6,32,2703,683,2682,675,1.4619,,INLAND
-117.08,33.12,37,1060,268,823,229,1.8363,,<1H OCEAN
-121.3,37.98,47,2373,461,990,444,4.175,,INLAND
-119.85,34.4,14,2307,650,5723,615,2.1652,,NEAR OCEAN
-117.73,34.07,33,1921,489,1430,467,2.3406,,INLAND
-122.08,37.94,44,2185,357,943,366,4.725,,NEAR BAY
-121.6,37.13,14,9483,1361,4108,1281,7.5,,<1H OCEAN
-117.44,33.93,33,1371,236,715,227,4.375,,INLAND
-117.89,33.74,32,1562,365,2145,347,2.9167,,<1H OCEAN
-118.27,33.89,32,1969,397,1349,370,4.4659,,<1H OCEAN
-121.4,39.33,15,2655,493,1200,432,3.5179,,INLAND
-121.09,37.33,40,524,112,329,96,1.7188,,INLAND
-117.39,33.98,37,2337,452,948,437,3.145,,INLAND
-121.02,37.61,33,1469,370,1318,349,1.7104,,INLAND
-117.95,33.86,36,2038,343,1066,346,5.197,,<1H OCEAN
-122.1,37.66,35,686,142,480,149,3.875,,NEAR BAY
-117.96,33.87,35,1972,367,1152,356,3.7222,,<1H OCEAN
-120.14,36.04,27,2533,518,1371,461,2.9708,,INLAND
-117.81,33.73,17,1063,189,363,183,2.1719,,<1H OCEAN
-118.27,34.08,38,2265,801,2899,792,2.5521,,<1H OCEAN
-117.19,32.77,9,634,152,248,133,3.8571,,NEAR OCEAN
-118.25,33.8,36,1697,394,1274,396,3.35,,<1H OCEAN
-122.2,37.78,45,1766,332,869,327,4.5893,,NEAR BAY
-122.13,37.66,19,862,167,407,183,4.3456,,NEAR BAY
-117.36,33.97,32,1625,335,1212,327,2.7596,,INLAND
-118.44,34.29,30,1632,401,1357,401,3.1588,,<1H OCEAN
-120.21,36.98,21,1667,303,861,276,2.6012,,INLAND
-118.15,33.78,12,4436,1133,2176,1002,3.5812,,NEAR OCEAN
-118.72,34.29,22,3266,529,1595,494,6.0368,,<1H OCEAN
-118.18,33.77,37,2653,754,1087,698,2.3523,,NEAR OCEAN
-117.11,32.69,36,1421,367,1418,355,1.9425,,NEAR OCEAN
-119.7,36.83,23,3532,756,1885,758,2.5904,,INLAND
-121.4,38.62,28,3671,886,1733,820,2.2292,,INLAND
-121.87,37.26,24,2383,343,1146,341,5.6223,,<1H OCEAN
-116.16,33.68,12,1230,277,1334,260,2.2679,,INLAND
-119.12,35.33,4,8574,1489,4250,1444,5.1036,,INLAND
-121.38,38.59,38,1839,287,685,276,4.5313,,INLAND
-118.42,34.25,37,1545,341,1909,352,3.6791,,<1H OCEAN
-120.77,37.01,28,1689,378,1057,267,3.125,,INLAND
-117.86,33.62,17,2975,371,1247,398,10.1989,,<1H OCEAN
-121.17,38.68,37,1252,267,686,256,3,,INLAND
-117.16,33.57,2,20391,3245,7132,2716,3.9443,,<1H OCEAN
-118.5,34.19,35,2720,490,1158,445,5.0796,,<1H OCEAN
-117.81,33.8,25,2765,475,1666,474,6.0531,,<1H OCEAN
-117.18,34.08,28,2243,399,1464,379,3.2105,,INLAND
-122.44,37.66,21,5108,1510,3288,1405,3.1927,,NEAR OCEAN
-117.93,33.83,32,1792,411,1131,381,2.4942,,<1H OCEAN
-118.03,33.87,16,2306,393,1368,387,5.93,,<1H OCEAN
-122.24,37.79,27,1632,492,1171,429,2.3173,,NEAR BAY
-117.57,33.9,7,3797,850,2369,720,3.5525,,INLAND
-117.66,33.46,28,1261,233,609,242,5.1024,,<1H OCEAN
-117.77,33.8,16,3973,483,1373,452,9.8074,,<1H OCEAN
-118.32,34.05,50,1389,364,976,302,1.5882,,<1H OCEAN
-119.1,36.4,31,1533,361,1518,386,1.5608,,INLAND
-123.22,39.15,45,1348,265,639,270,3.3667,,<1H OCEAN
-123.02,38.81,45,1717,389,916,367,3.2425,,<1H OCEAN
-122.06,37.38,20,4293,1272,2389,1210,4.2719,,NEAR BAY
-122.3,37.88,45,453,146,749,137,1.475,,NEAR BAY
-117.27,34.42,9,5643,1005,3166,957,3.2077,,INLAND
-121.39,38.43,3,2696,384,990,316,5.4445,,INLAND
-117.89,33.71,16,1591,225,926,239,6.2452,,<1H OCEAN
-118.46,34.06,46,1302,215,482,226,7.0674,,<1H OCEAN
-121.29,38.12,18,1534,275,741,263,3.9607,,INLAND
-117.63,33.94,36,447,95,2886,85,4.2578,,INLAND
-118.32,34.11,42,2462,543,857,482,4.0833,,<1H OCEAN
-121.18,37.99,31,2450,559,1459,478,2.4674,,INLAND
-116.11,33.64,20,1273,354,1548,355,2.0871,,INLAND
-122.41,37.61,46,2975,643,1479,577,3.8214,,NEAR OCEAN
-121.4,38.49,12,7290,1283,3960,1248,3.5968,,INLAND
-121.34,38.55,11,2838,498,1701,504,4.1447,,INLAND
-118.13,34.01,40,2412,629,2119,600,2.075,,<1H OCEAN
-122.16,37.74,46,1029,181,567,211,3.4844,,NEAR BAY
-123.91,41.68,22,1880,360,743,314,2.9688,,<1H OCEAN
-117.28,32.77,38,1267,340,442,250,4.3403,,NEAR OCEAN
-121.24,38.78,11,1851,352,1049,369,3.5288,,INLAND
-117.71,34.1,52,567,152,2688,126,1.875,,INLAND
-122.33,37.39,52,573,102,232,92,6.2263,,NEAR OCEAN
-120.96,37.67,17,2434,511,1558,546,2.9219,,INLAND
-118.31,34.01,48,2544,532,1357,498,2.5263,,<1H OCEAN
-117.8,33.78,17,4138,805,2442,780,4.7804,,<1H OCEAN
-122.12,39.91,16,4006,797,2028,752,2.3929,,INLAND
-118.07,33.98,32,3304,714,2032,690,3.2093,,<1H OCEAN
-117.26,32.95,34,1651,273,650,271,5.6582,,NEAR OCEAN
-116.95,32.74,7,2722,578,1429,574,3.9583,,<1H OCEAN
-122.03,37.28,29,3752,468,1320,471,9.8937,,<1H OCEAN
-120.46,37.31,35,2042,378,953,356,2.7344,,INLAND
-122.41,40.53,28,1127,245,538,208,2.037,,INLAND
-118.42,34.28,29,1271,272,1338,266,4.125,,<1H OCEAN
-118.53,34.45,26,828,149,508,158,5.2374,,<1H OCEAN
-122.09,37.64,36,1885,307,853,271,4.1141,,NEAR BAY
-122.01,37.59,2,838,295,240,149,2.875,,NEAR BAY
-121.74,39.15,20,2302,412,1205,399,2.8,,INLAND
-117.3,34.13,52,1859,395,968,333,1.2034,,INLAND
-117.95,33.85,13,6963,1426,3892,1375,4.1325,,<1H OCEAN
-122.35,37.93,39,2002,416,1166,395,1.7257,,NEAR BAY
-120.72,37.38,22,1311,319,1455,340,2.2813,,INLAND
-121.09,37.56,32,1717,325,1356,307,2.6705,,INLAND
-120.33,37.97,17,2530,526,1024,496,2.0057,,INLAND
-118.41,34.32,18,6572,1105,3473,1067,5.2987,,<1H OCEAN
-122.43,37.75,52,2700,595,1181,575,3.575,,NEAR BAY
-121.59,39.1,24,1107,261,768,205,1.7167,,INLAND
-118.45,34.04,19,3330,1010,1837,915,3.0173,,<1H OCEAN
-118.06,33.99,47,1588,309,827,292,3.7833,,<1H OCEAN
-116.92,32.81,23,2668,528,1510,524,3.3669,,<1H OCEAN
-118.1,33.89,35,994,203,602,185,3.5865,,<1H OCEAN
-117.55,33.92,24,2807,501,1653,509,4.8167,,INLAND
-120.98,37.64,45,1913,335,839,333,3.1397,,INLAND
-118.02,34.12,36,1471,246,751,230,5.4555,,INLAND
-122.06,37.67,22,3882,816,1830,743,4.2733,,NEAR BAY
-117.28,33.1,13,2644,422,1197,399,6.5338,,NEAR OCEAN
-118.3,33.86,35,2016,365,1083,369,5.1727,,<1H OCEAN
-122.18,37.8,34,1355,195,442,195,6.2838,,NEAR BAY
-118.4,33.87,38,2398,431,911,392,5.2319,,<1H OCEAN
-117.2,34.26,17,9419,1455,1382,459,6.2233,,INLAND
-117.95,33.9,15,3057,479,1679,498,6.8429,,<1H OCEAN
-121.05,38.97,12,3676,550,1572,510,4.8214,,INLAND
-118.35,33.89,29,2940,708,2175,684,3.6486,,<1H OCEAN
-122.66,38.81,22,852,176,461,142,3.4375,,INLAND
-121.99,37.83,16,2939,380,1177,396,8.0839,,<1H OCEAN
-121.32,38.57,15,3369,499,1733,470,5.31,,INLAND
-118.3,33.88,35,3227,749,1881,696,2.8445,,<1H OCEAN
-118.15,33.78,13,3056,861,1600,824,3.3003,,NEAR OCEAN
-117.99,33.66,14,3155,653,951,575,3.0625,,<1H OCEAN
-117.31,32.98,17,2789,648,849,345,4.1012,,NEAR OCEAN
-121.93,38.31,25,185,32,85,32,4.875,,INLAND
-121.26,37.98,41,1633,433,885,413,0.9782,,INLAND
-122.3,38.3,44,3690,809,1922,736,2.6346,,NEAR BAY
-122.3,38.28,31,1633,316,944,300,3.3977,,NEAR BAY
-117.13,32.8,35,2129,382,1044,350,3.9732,,NEAR OCEAN
-117.5,33.92,31,2529,513,1504,426,2.9821,,INLAND
-118.2,34.02,48,2230,593,2419,598,2.3944,,<1H OCEAN
-118.28,33.99,38,1454,323,1098,297,1.5109,,<1H OCEAN
-121.93,37.71,26,4822,845,2288,805,4.2281,,<1H OCEAN
-121.22,37.93,21,336,68,206,73,4.75,,INLAND
-118.25,33.9,37,2119,442,1372,406,1.9605,,<1H OCEAN
-118.34,34.06,52,1311,310,707,290,3.4812,,<1H OCEAN
-118.25,33.79,38,1730,460,1724,424,2.7308,,NEAR OCEAN
-122.43,37.64,42,4091,757,1861,771,4.207,,NEAR OCEAN
-122.19,39.53,34,2679,533,1287,505,2.165,,INLAND
-117.2,32.83,36,1089,240,623,226,2.5909,,NEAR OCEAN
-117.07,32.77,38,3779,614,1495,614,4.3529,,NEAR OCEAN
-124.01,40.89,28,1470,336,811,314,2.4559,,<1H OCEAN
-121.51,38.49,21,4426,790,1856,761,4.1,,INLAND
-120.97,37.63,39,2360,607,2047,605,1.7054,,INLAND
-118.08,33.93,34,1558,375,1179,337,3.2188,,<1H OCEAN
-118.43,34.15,42,1293,214,459,217,7.672,,<1H OCEAN
-117.09,32.76,31,1235,387,816,397,1.5517,,NEAR OCEAN
-122.49,37.74,52,2189,433,1147,420,3.4583,,NEAR OCEAN
-117.12,32.96,15,2869,405,1526,402,6.0175,,<1H OCEAN
-118.28,34.03,26,2107,809,2821,572,0.844,,<1H OCEAN
-117.69,34.05,10,1875,366,1055,363,4.3264,,INLAND
-121.68,39.15,14,2774,451,1292,428,4.3833,,INLAND
-118.32,33.98,44,1448,314,861,310,2.2396,,<1H OCEAN
-117.78,34.07,18,3610,772,2899,765,3.9784,,INLAND
-122.34,37.46,21,1799,293,576,277,7.439,,NEAR OCEAN
-121.43,38.62,36,1765,438,1008,382,2.0639,,INLAND
-123.23,39.77,25,2075,435,991,377,1.2281,,INLAND
-116.95,33.79,20,2399,546,1726,542,1.8845,,INLAND
-121.01,37.7,12,9148,1906,4656,1853,3.2447,,INLAND
-118.35,33.89,25,1769,440,1371,414,3.0833,,<1H OCEAN
-118.15,33.92,40,1335,281,804,282,4.3194,,<1H OCEAN
-122.08,37.39,44,1498,430,848,400,2.8438,,NEAR BAY
-121.24,37.96,37,1175,260,951,267,2.875,,INLAND
-117.13,32.97,10,3486,469,1700,483,6.4696,,<1H OCEAN
-121.3,38.14,17,3507,696,1867,709,3.2123,,INLAND
-118.27,33.99,30,504,140,529,123,1.9531,,<1H OCEAN
-119.95,37.47,32,1312,315,600,265,1.5,,INLAND
-122.04,38.25,52,582,131,241,106,2.4,,INLAND
-122.32,37.92,28,4649,977,2606,953,3.2674,,NEAR BAY
-117.91,33.87,52,2031,506,1191,463,2.9076,,<1H OCEAN
-117.94,33.88,35,1694,296,679,282,4.3333,,<1H OCEAN
-119.01,35.44,20,3458,651,1465,621,2.5806,,INLAND
-121.44,39.5,26,1652,325,790,292,3.0446,,INLAND
-122.25,40.15,15,1677,346,858,327,2.4375,,INLAND
-118.47,34.04,21,5041,1491,2719,1420,3.5335,,<1H OCEAN
-117.17,33.28,16,1921,312,862,280,5.1786,,<1H OCEAN
-118.31,34.26,41,1297,327,733,315,3.0583,,<1H OCEAN
-121.9,37.29,36,1389,225,623,223,6.6331,,<1H OCEAN
-116.45,33.8,9,5534,1206,2283,1008,3.6161,,INLAND
-121.84,39.73,52,957,263,513,223,1.3672,,INLAND
-121.26,37.93,33,2109,531,2248,588,1.4583,,INLAND
-118.19,34.05,46,1051,302,1435,305,1.6667,,<1H OCEAN
-117.89,33.6,36,1496,247,441,203,7.8164,,<1H OCEAN
-121.62,39.15,23,1984,528,1043,452,1.9375,,INLAND
-122.25,37.46,33,6841,950,2681,980,7.1088,,NEAR OCEAN
-122.72,38.42,26,1168,253,937,248,1.9458,,<1H OCEAN
-117.27,34.49,7,2344,351,846,314,4.7361,,INLAND
-118.29,33.92,34,1374,240,906,248,5.3292,,<1H OCEAN
-118.11,34.11,50,2131,294,753,284,6.7099,,<1H OCEAN
-118.29,34.09,35,2624,1116,3548,1008,2.0132,,<1H OCEAN
-122.47,37.78,52,2042,378,1153,408,4.1856,,NEAR BAY
-122.36,37.94,26,1540,343,1007,338,1.3365,,NEAR BAY
-118.33,33.89,42,1816,338,897,306,5.1874,,<1H OCEAN
-118.41,34.3,28,3187,569,2205,559,5.1668,,<1H OCEAN
-117.68,33.54,5,2840,403,1363,403,7.618,,<1H OCEAN
-118.09,33.99,35,2787,639,1923,614,3.5757,,<1H OCEAN
-122.42,37.77,52,1176,493,1136,436,1.375,,NEAR BAY
-118.12,34,31,3281,768,2385,733,2.7308,,<1H OCEAN
-116.9,32.77,8,3600,492,1421,482,6.2609,,<1H OCEAN
-118.32,34.11,33,5135,1450,2404,1292,3.2462,,<1H OCEAN
-118.17,33.96,25,3297,1066,5027,1041,2.2817,,<1H OCEAN
-118.18,34.04,44,1079,275,1249,249,3.0417,,<1H OCEAN
-118.3,33.97,42,944,200,567,190,2.6311,,<1H OCEAN
-118.91,34.22,15,5644,757,2659,783,6.7559,,<1H OCEAN
-123.36,39.01,35,1551,321,857,288,2.7232,,<1H OCEAN
-122.41,37.8,52,3260,1535,3260,1457,0.9,,NEAR BAY
-117.05,33.02,18,917,121,388,131,6.3517,,<1H OCEAN
-119.05,35.42,35,2353,483,1368,455,2.325,,INLAND
-122.08,37.08,35,1541,297,791,277,4.425,,NEAR OCEAN
-116.9,34.25,16,3018,523,556,244,3.5288,,INLAND
-117.4,34.15,4,12156,1864,5020,1524,4.7909,,INLAND
-117.5,34,15,1929,317,1237,316,4.4063,,INLAND
-119.52,34.4,20,1834,477,1305,417,3.2125,,NEAR OCEAN
-122.01,36.95,52,1217,325,508,237,2.0547,,NEAR OCEAN
-122.02,37.95,25,1205,260,608,272,2.4519,,NEAR BAY
-121.76,37.29,15,2267,348,1150,327,7.1267,,<1H OCEAN
-119.71,36.79,34,1891,323,966,355,3.6681,,INLAND
-117.22,34.12,30,2512,597,1390,523,2.3725,,INLAND
-119.83,36.79,24,3505,819,2098,774,1.9575,,INLAND
-118.28,33.96,34,2074,562,1913,514,1.6156,,<1H OCEAN
-119.71,36.82,12,2144,568,1320,566,2.3381,,INLAND
-118.27,33.96,38,977,295,1073,292,1.0208,,<1H OCEAN
-118.26,33.89,36,2230,417,1395,381,2.8493,,<1H OCEAN
-122.24,38.14,15,8479,1759,5008,1646,3.724,,NEAR BAY
-118.08,34.12,34,2921,641,1541,562,3.6827,,<1H OCEAN
-118,33.81,13,2782,605,1749,628,4.1276,,<1H OCEAN
-118.2,33.98,43,1091,320,1418,316,2.1522,,<1H OCEAN
-118.3,34.01,52,1908,428,1271,394,2.5885,,<1H OCEAN
-117.97,33.88,11,1454,247,635,236,6.2427,,<1H OCEAN
-118.56,34.19,36,2600,441,1246,426,4.1111,,<1H OCEAN
-121.48,38.53,43,1378,280,708,280,2.3542,,INLAND
-118.21,33.84,28,822,205,627,192,3.4583,,<1H OCEAN
-122.4,37.8,52,1860,575,679,448,4.775,,NEAR BAY
-117.97,33.92,24,2017,416,900,436,3,,<1H OCEAN
-118.3,34.06,21,3960,1490,3468,1335,1.8214,,<1H OCEAN
-118.43,34.33,18,5891,920,2882,911,5.901,,<1H OCEAN
-118.33,34.04,33,1806,444,1161,393,2.5927,,<1H OCEAN
-121.47,38.55,52,1384,295,561,244,2.0242,,INLAND
-118.11,33.95,34,2319,334,941,356,6.4319,,<1H OCEAN
-117.94,33.82,29,1422,409,1057,390,2.3347,,<1H OCEAN
-122.28,37.86,52,938,195,393,189,3.8594,,NEAR BAY
-118.52,34.44,26,934,148,519,162,5.3209,,<1H OCEAN
-122.13,39,23,3832,774,2435,747,2.2754,,INLAND
-121.32,38.67,31,2532,479,1396,467,4.0417,,INLAND
-118.44,34.2,28,1732,435,1198,417,2.9219,,<1H OCEAN
-120.01,34.54,30,2992,609,1288,465,3.9375,,NEAR OCEAN
-118.28,33.99,37,1971,513,1673,464,1.4625,,<1H OCEAN
-118.58,34.22,35,1969,339,950,340,4.875,,<1H OCEAN
-118.56,34.21,13,8327,1849,4126,1773,3.7313,,<1H OCEAN
-119.01,35.36,38,1838,388,1203,373,1.6797,,INLAND
-121.8,37.99,16,3077,465,1575,446,5.5,,INLAND
-118.18,33.77,36,1833,688,1128,620,1.1483,,NEAR OCEAN
-118.32,34.02,51,2010,460,1355,433,2.0304,,<1H OCEAN
-121.49,38.53,42,1468,281,571,271,3.3906,,INLAND
-120.39,38,33,2177,404,891,383,3.212,,INLAND
-118.21,34.05,26,745,258,694,236,1.3846,,<1H OCEAN
-118.22,33.94,42,1046,287,1218,289,2.6538,,<1H OCEAN
-118.39,34.04,44,1873,286,635,283,5.5951,,<1H OCEAN
-118.19,33.91,33,915,225,826,212,2.7708,,<1H OCEAN
-120.1,39.19,17,1480,241,202,80,3.9375,,INLAND
-118.12,34.14,25,3420,977,1718,947,3.1033,,<1H OCEAN
-122.34,37.94,47,2313,433,947,430,3.942,,NEAR BAY
-122.49,37.78,46,3304,792,1783,777,3.6148,,NEAR BAY
-118.39,34,40,1565,269,826,268,5.2035,,<1H OCEAN
-117.02,32.78,31,2567,,1198,499,3.4659,,<1H OCEAN
-120.69,35.52,26,2758,571,1291,522,2.925,,<1H OCEAN
-118,34.12,42,870,170,546,164,4.625,,INLAND
-119.2,34.18,22,6465,1397,2694,1370,2.9832,,NEAR OCEAN
-122.43,37.63,34,4135,687,2154,742,4.9732,,NEAR OCEAN
-122.45,37.75,36,1997,356,772,348,4.95,,NEAR BAY
-119.64,37.61,30,2857,661,291,135,2.6838,,INLAND
-122.46,37.73,52,2857,469,1431,496,5.2088,,NEAR BAY
-117.98,33.73,18,3833,,2192,996,3.4679,,<1H OCEAN
-117.16,32.89,5,8576,1952,5006,1827,4.3598,,<1H OCEAN
-117.98,33.76,24,1880,405,967,418,4.4545,,<1H OCEAN
-118.07,34.11,47,832,194,419,156,3.1576,,<1H OCEAN
-117.93,33.65,29,1253,375,1198,362,3.5179,,<1H OCEAN
-122.22,38.08,37,2811,,1574,516,3.1053,,NEAR BAY
-118.25,34,32,1218,342,1292,304,1.5781,,<1H OCEAN
-121.96,36.99,23,3209,748,1423,666,2.7375,,NEAR OCEAN
-122.04,37.26,24,4973,709,1692,696,7.8627,,<1H OCEAN
-118.28,34.25,35,2045,450,1166,407,3.5214,,<1H OCEAN
-118.38,34.3,39,1622,355,903,314,4.1125,,<1H OCEAN
-118.37,34.08,22,3008,938,1224,816,3.2149,,<1H OCEAN
-121.33,38.7,15,2226,421,1004,417,2.7868,,INLAND
-118.33,34.18,45,1552,315,785,316,3.7411,,<1H OCEAN
-122.31,38,29,3108,534,1687,516,4.3333,,NEAR BAY
-117.91,34.08,35,1443,266,861,262,3.5795,,<1H OCEAN
-122.54,37.94,26,3990,804,1550,792,5.1834,,NEAR BAY
-118.34,33.88,31,3122,727,1885,715,3.8657,,<1H OCEAN
-120.86,37.77,28,1208,232,535,232,2.3523,,INLAND
-122.66,40.52,13,3013,486,1361,515,4.5357,,INLAND
-118.43,34.22,36,1372,295,774,306,3.6618,,<1H OCEAN
-122.35,38.3,18,3735,557,1504,521,5.6304,,NEAR BAY
-117.9,33.65,30,1634,373,771,364,3.4125,,<1H OCEAN
-121.92,38.01,7,1632,248,879,262,6.1237,,INLAND
-116.91,34,18,553,100,215,82,5.5,,INLAND
-121.76,37.23,16,4274,715,2240,704,5.4218,,<1H OCEAN
-122.2,37.77,39,2689,597,1888,537,2.2562,,NEAR BAY
-118.34,34.17,49,3033,580,1284,561,4.1161,,<1H OCEAN
-117.99,33.66,29,1330,293,613,236,4.6591,,<1H OCEAN
-117.27,32.82,42,2820,488,1175,500,4.5083,,NEAR OCEAN
-121.91,37.33,52,2212,563,1195,532,2.894,,<1H OCEAN
-122.38,40.09,16,2077,388,1155,389,3.1361,,INLAND
-117.18,32.69,37,3112,716,1304,674,3.2121,,NEAR OCEAN
-122.2,39.75,18,2603,576,1616,588,2.0192,,INLAND
-123.85,39.42,11,1804,506,895,451,1.7574,,<1H OCEAN
-122.71,38.5,15,5645,830,2324,769,6.6104,,<1H OCEAN
-119.05,34.13,12,57,22,69,15,5.0066,,NEAR OCEAN
-122.26,38.57,22,509,103,139,73,2.1979,,INLAND
-119.23,34.25,28,26,3,29,9,8,,NEAR OCEAN
-117.91,34.02,17,5973,1384,4349,1229,3.2799,,<1H OCEAN
-118.32,34.14,23,4574,1423,1624,995,4.0965,,<1H OCEAN
-118.4,33.87,40,1679,372,719,385,6.435,,<1H OCEAN
-121.92,36.56,39,2144,538,749,419,2.7039,,NEAR OCEAN
-121.47,38.61,35,1372,360,850,328,1.6331,,INLAND
-117.76,33.84,15,3764,510,1448,468,8.7124,,<1H OCEAN
-118.1,33.91,35,1592,335,1238,320,4.9732,,<1H OCEAN
-120.42,34.94,32,2844,551,1337,516,2.7188,,<1H OCEAN
-119.27,34.29,32,2274,406,982,393,5.3254,,NEAR OCEAN
-118.15,33.85,36,1435,249,606,234,4.1439,,<1H OCEAN
-118.4,34.05,34,2113,459,859,432,3.6953,,<1H OCEAN
-118.16,33.78,14,1709,558,1939,520,1.9808,,NEAR OCEAN
-122.26,37.9,52,1927,279,705,288,7.8864,,NEAR BAY
-118.2,33.9,26,1000,275,1178,263,2.12,,<1H OCEAN
-118.23,33.91,33,677,182,984,174,2.5893,,<1H OCEAN
-121.4,38.63,31,1540,452,1079,444,1.8571,,INLAND
-117.94,33.81,34,1290,203,664,204,5.8461,,<1H OCEAN
-118.29,34.08,43,3056,1345,3920,1304,1.925,,<1H OCEAN
-118.1,34.12,50,1835,231,636,211,11.6471,,<1H OCEAN
-118.02,33.83,26,3616,892,2257,821,3.1497,,<1H OCEAN
-117.81,33.88,19,2265,283,904,279,9.2327,,<1H OCEAN
-120.9,39.95,20,1349,238,601,203,3.5417,,INLAND
-122.47,37.74,52,1538,305,819,319,4.0846,,NEAR BAY
-122.18,37.77,51,2107,471,1173,438,3.2552,,NEAR BAY
-119.08,35.34,16,1535,238,768,236,5.4449,,INLAND
-121.76,38.55,23,8800,1857,6330,1832,2.065,,INLAND
-118.1,34.13,44,1745,237,693,248,9.7912,,<1H OCEAN
-119.72,36.32,40,1185,221,676,256,2.2721,,INLAND
-117.12,32.59,28,2793,706,1825,676,2.6724,,NEAR OCEAN
-118.31,33.88,32,2421,671,1491,587,3.5644,,<1H OCEAN
-117.29,33.13,4,617,105,224,105,3.9205,,NEAR OCEAN
-117.58,34.1,4,6360,1584,3359,1396,3.5186,,INLAND
-117.77,33.71,13,1939,247,928,244,8.1111,,<1H OCEAN
-116.9,34.69,10,337,102,108,50,0.4999,,INLAND
-122.22,38.1,38,931,181,566,207,3.0221,,NEAR BAY
-117.37,33.97,34,3676,697,2653,682,2.5804,,INLAND
-117.02,32.71,30,3187,592,2082,631,3.5388,,NEAR OCEAN
-118.21,33.92,37,1705,403,1839,410,2.5833,,<1H OCEAN
-121.64,40.9,24,2237,434,834,318,1.7538,,INLAND
-118.14,34.65,20,1257,201,551,186,4.6591,,INLAND
-122.92,38.97,20,2067,384,904,333,2.9934,,<1H OCEAN
-118.36,34.09,34,2832,883,1594,843,1.7558,,<1H OCEAN
-117.9,33.74,19,1566,379,1032,330,2.2105,,<1H OCEAN
-118.14,33.86,44,1436,257,745,233,4.625,,<1H OCEAN
-122.19,37.76,52,2024,391,1030,350,2.4659,,NEAR BAY
-117.13,32.58,27,2511,615,1427,576,3.1645,,NEAR OCEAN
-117.97,33.76,28,1386,272,901,294,4.7464,,<1H OCEAN
-119.08,34.17,32,166,22,63,29,7.3004,,NEAR OCEAN
-118.1,34.09,46,2822,525,1434,520,3.8906,,<1H OCEAN
-117.07,32.68,18,1475,267,1149,268,5.0827,,NEAR OCEAN
-117.98,33.78,31,2825,546,1908,563,3.9798,,<1H OCEAN
-117.94,33.91,18,8836,1527,3946,1451,5.6441,,<1H OCEAN
-121.99,37.25,25,1743,212,604,200,10.7582,,<1H OCEAN
-119.85,36.84,12,2272,304,840,305,8.9669,,INLAND
-118.33,34.1,43,2732,1646,3049,1429,1.3157,,<1H OCEAN
-119.84,36.83,17,3012,408,987,362,7.4201,,INLAND
-118.48,34.23,30,1762,263,761,292,6.5268,,<1H OCEAN
-118.26,34.24,35,1535,283,816,287,6.1873,,<1H OCEAN
-119.7,36.82,25,2379,540,1482,484,2.3173,,INLAND
-118.37,34.04,25,542,161,442,131,2.25,,<1H OCEAN
-122.45,37.78,45,2747,699,1320,693,3.1576,,NEAR BAY
-121.63,39.18,13,1907,347,821,367,2.0978,,INLAND
-118.97,35.38,32,1361,363,1483,297,1.625,,INLAND
-121.75,39.4,29,1687,327,864,334,2.4943,,INLAND
-122.21,37.37,34,1476,217,613,223,8.2883,,NEAR OCEAN
-117.94,33.93,14,999,232,1037,244,2.7125,,<1H OCEAN
-119.42,36.35,20,1469,303,1031,259,1.6645,,INLAND
-118.07,33.93,5,906,187,1453,158,4.125,,<1H OCEAN
-118.27,33.86,29,2587,489,2115,475,3.7466,,<1H OCEAN
-119.96,38.94,27,1492,393,717,254,1.8906,,INLAND
-117.04,34,21,4624,852,2174,812,3.5255,,INLAND
-119.72,34.42,52,1759,387,980,402,4.0125,,NEAR OCEAN
-118.86,34.07,16,1409,244,970,172,8.0144,,NEAR OCEAN
-119.69,36.38,25,1688,302,879,277,3.3214,,INLAND
-118.1,33.96,36,2013,435,1476,475,3.9549,,<1H OCEAN
-117.61,34.09,23,1945,362,1483,383,4.4205,,INLAND
-118.36,34.2,14,1878,614,1874,559,2.5267,,<1H OCEAN
-118.18,34.02,43,887,219,965,217,2.625,,<1H OCEAN
-119.83,36.8,24,3756,681,1586,739,3.8571,,INLAND
-118.03,33.79,26,5321,889,2932,896,5.8914,,<1H OCEAN
-122.71,38.43,38,1689,526,1071,529,1.5026,,<1H OCEAN
-119.72,34.43,36,1156,309,521,304,2.6014,,<1H OCEAN
-117.88,34.12,34,912,165,522,150,4.0417,,<1H OCEAN
-117.26,33.04,16,3109,450,1433,453,6.6319,,NEAR OCEAN
-118.32,33.73,25,1099,168,407,159,7.6886,,NEAR OCEAN
-118.21,34.02,52,22,7,55,7,7.5752,,<1H OCEAN
-121.95,37.81,5,7178,898,2823,907,9.0776,,<1H OCEAN
-121.29,37.87,29,488,108,308,115,2.6563,,INLAND
-119.25,34.27,46,679,159,382,143,3.5,,NEAR OCEAN
-118.16,33.8,9,3564,835,1530,807,5.1806,,NEAR OCEAN
-124.05,40.94,14,1452,217,516,181,5.0329,,NEAR OCEAN
-117.3,34.1,44,589,130,504,137,1.775,,INLAND
-117.2,34.04,24,1587,222,676,234,6.0715,,INLAND
-122.26,37.83,52,2432,715,1377,696,2.5898,,NEAR BAY
-117.46,34.1,35,908,226,667,203,2.5833,,INLAND
-118.37,33.84,27,3245,605,1572,556,5.3773,,<1H OCEAN
-122.07,37.69,29,2304,618,1021,552,2.5362,,NEAR BAY
-117.11,32.9,16,2043,388,705,352,4.4766,,<1H OCEAN
-116.99,33.99,22,4227,658,1849,619,4.7356,,INLAND
-122.14,37.38,26,2859,343,951,336,10.4277,,NEAR BAY
-117.99,33.7,25,2017,357,1063,369,4.0345,,<1H OCEAN
-118.21,33.95,32,1116,328,1265,302,2.295,,<1H OCEAN
-118.58,34.17,29,3393,574,1471,587,6.2064,,<1H OCEAN
-122,37.23,36,3191,430,1234,440,9.0704,,<1H OCEAN
-118.14,34.11,52,3367,545,1427,535,5.2292,,<1H OCEAN
-122.3,37.9,35,1102,308,688,303,2.3946,,NEAR BAY
-117.97,33.89,14,923,136,420,130,10.2252,,<1H OCEAN
-122.53,41.81,21,2400,485,1109,443,1.7639,,INLAND
-122.4,37.6,52,1380,203,530,210,6.221,,NEAR OCEAN
-117.09,32.79,36,1936,345,861,343,3.8333,,NEAR OCEAN
-121.86,37.27,19,1852,268,866,272,5.6139,,<1H OCEAN
-118.1,33.84,36,690,109,316,104,3.7813,,<1H OCEAN
-121.12,35.58,16,4109,798,1298,626,3.4799,,NEAR OCEAN
-121.53,39.06,20,561,109,308,114,3.3021,,INLAND
-118.34,34.07,52,2066,319,981,297,5.8632,,<1H OCEAN
-117.39,33.95,35,1599,284,721,287,4.125,,INLAND
-120.79,37.08,9,97,20,91,22,2.9063,,INLAND
-121.87,37.34,52,1170,215,604,207,2.6667,,<1H OCEAN
-117.4,33.95,46,2189,423,866,389,3.1384,,INLAND
-117.79,33.68,9,1633,295,928,297,5.7858,,<1H OCEAN
-118.15,34.11,39,2618,582,1314,532,3.5875,,<1H OCEAN
-118.05,34.06,45,531,164,722,166,2.1406,,<1H OCEAN
-118.21,34.14,44,1681,407,1105,387,3.2222,,<1H OCEAN
-122.16,38.02,40,1800,290,761,277,5.1265,,NEAR BAY
-118.42,34.08,46,1399,148,410,152,15.0001,,<1H OCEAN
-120.47,34.65,16,2549,428,1486,432,4.2875,,NEAR OCEAN
-118.2,34.14,52,3800,646,1842,620,5.5524,,<1H OCEAN
-118.17,33.82,52,2539,497,1152,488,4.1354,,NEAR OCEAN
-117.25,33.01,16,3892,520,1454,524,7.7317,,NEAR OCEAN
-117.88,33.88,15,957,360,615,370,3.0263,,<1H OCEAN
-118.19,34.12,46,3387,820,2833,813,2.987,,<1H OCEAN
-117.71,34.08,26,2744,494,1411,465,4.2639,,INLAND
-117.82,33.66,24,4227,641,1605,589,6.4238,,<1H OCEAN
-116.57,35.43,8,9975,1743,6835,1439,2.7138,,INLAND
-117.76,34.13,8,16759,2274,7249,2156,7.4837,,INLAND
-123.5,39.67,22,2124,450,1122,446,2.1793,,INLAND
-117.31,33.24,6,1580,288,792,265,4.0469,,<1H OCEAN
-120.67,37.37,18,164,30,104,32,1.6607,,INLAND
-121.48,38.54,41,3364,685,1841,626,2.1975,,INLAND
-122.18,37.45,43,2061,437,817,385,4.4688,,NEAR BAY
-122.91,38.43,19,1968,350,852,308,4.6705,,<1H OCEAN
-118.36,33.93,40,1625,500,2036,476,2.6298,,<1H OCEAN
-122.71,38.34,22,1249,335,699,308,2.6033,,<1H OCEAN
-118.51,34.2,35,1614,308,850,330,4.1806,,<1H OCEAN
-117.86,33.99,10,17820,2812,8686,2666,6.3875,,<1H OCEAN
-116.51,33.94,12,3369,780,1315,584,1.7388,,INLAND
-118.68,34.08,18,102,17,55,21,3.9934,,NEAR OCEAN
-119.01,36.05,27,1127,294,839,276,1.3807,,INLAND
-122.28,37.55,17,4199,629,2020,630,6.1228,,NEAR BAY
-118.41,34.24,38,490,101,402,100,3.125,,<1H OCEAN
-117.9,33.74,18,1884,442,1915,442,2.3783,,<1H OCEAN
-119.29,34.26,32,3295,764,1344,600,3.6007,,NEAR OCEAN
-118.31,34.2,36,1692,263,778,278,5.0865,,<1H OCEAN
-117.15,32.93,16,2718,438,1515,431,5.1433,,<1H OCEAN
-122.41,37.75,52,1678,386,1220,357,2.5809,,NEAR BAY
-118.3,34.25,44,1442,285,859,292,4.5833,,<1H OCEAN
-118.24,33.93,37,1027,258,824,248,1.5132,,<1H OCEAN
-118.32,34.04,47,1989,532,1430,519,1.8333,,<1H OCEAN
-120.27,37.12,17,3328,628,1580,619,2.9861,,INLAND
-121.07,39.15,15,6828,1319,3002,1318,2.4726,,INLAND
-122.27,37.82,43,1868,456,1061,407,1.5045,,NEAR BAY
-118.31,33.67,42,1297,246,611,242,5.3074,,NEAR OCEAN
-122.47,37.79,52,2383,477,990,464,3.9688,,NEAR BAY
-122.31,37.91,39,2955,696,1417,682,2.7628,,NEAR BAY
-118.14,33.76,52,2677,642,1144,624,4.3889,,NEAR OCEAN
-121.9,37.37,20,78,72,120,69,1.0938,,<1H OCEAN
-118.01,33.84,28,4097,838,2112,803,4.5,,<1H OCEAN
-118.02,33.76,27,2905,587,1781,561,4.25,,<1H OCEAN
-119.94,38.95,25,1789,536,1134,396,2.32,,INLAND
-122.18,37.91,31,7200,876,2428,843,10.9405,,NEAR BAY
-121.24,38.78,18,549,143,249,136,0.8691,,INLAND
-122.42,37.77,52,1925,568,867,515,2.879,,NEAR BAY
-122.3,37.9,30,1772,471,880,437,2.2672,,NEAR BAY
-118.46,34.3,32,2424,476,2291,419,4.0337,,<1H OCEAN
-117.05,32.69,8,831,158,740,154,5.3908,,NEAR OCEAN
-118.51,33.98,40,1901,679,865,587,2.3417,,<1H OCEAN
-121.5,38.34,36,1212,255,569,256,2.0048,,INLAND
-117.27,33.03,19,2899,499,1356,512,4.87,,NEAR OCEAN
-118.18,33.92,32,2035,519,2282,480,3.2734,,<1H OCEAN
-120.56,35.07,14,6788,1216,2866,1036,3.3603,,<1H OCEAN
-121.42,38.53,37,1958,367,1171,366,2.8298,,INLAND
-118.19,33.83,30,2246,552,1032,548,3.5871,,NEAR OCEAN
-122.69,38.27,32,2344,434,1066,384,4.0313,,<1H OCEAN
-118.3,34.02,42,2386,670,2327,661,1.6699,,<1H OCEAN
-117.68,33.51,19,2930,428,1481,430,6.323,,<1H OCEAN
-118.56,34.2,35,1770,362,1083,355,5.0483,,<1H OCEAN
-122.28,37.81,17,1237,462,762,439,0.9241,,NEAR BAY
-122.05,36.87,18,2232,440,1091,458,3.8269,,NEAR OCEAN
-118.31,34.05,40,1667,365,1161,384,3.1406,,<1H OCEAN
-121.27,38.75,21,4812,1117,1985,1045,2.5083,,INLAND
-119.31,36.34,14,2985,607,2250,607,2.1602,,INLAND
-117.11,32.73,27,3160,627,1628,612,3.8864,,NEAR OCEAN
-118.17,34.05,45,733,178,715,165,2.5962,,<1H OCEAN
-120.41,36.77,24,1335,312,1180,267,1.947,,INLAND
-118.22,33.93,39,1921,483,2286,470,3.0167,,<1H OCEAN
-117.73,33.61,16,590,130,178,121,4.8611,,<1H OCEAN
-118.19,33.8,41,2125,591,1604,555,2.9943,,NEAR OCEAN
-120.19,36.61,29,1479,338,1408,322,2.293,,INLAND
-122.42,37.74,52,1916,432,889,424,4.0391,,NEAR BAY
-117.24,33.37,14,4687,793,2436,779,4.5391,,<1H OCEAN
-124.16,40.78,50,2285,403,837,353,2.5417,,NEAR OCEAN
-118.91,34.28,6,6106,1134,3246,1062,5.2206,,<1H OCEAN
-122.41,37.76,52,3452,784,2987,753,2.8135,,NEAR BAY
-117.97,33.73,18,3698,574,2046,614,6.2984,,<1H OCEAN
-118.94,34.18,25,3502,508,1713,508,5.5181,,<1H OCEAN
-118.41,34.02,16,5825,1866,3390,1752,3.0965,,<1H OCEAN
-121.46,38.66,3,3438,603,1602,554,3.9914,,INLAND
-121.1,39.15,10,680,143,354,140,4.0333,,INLAND
-117.14,33.16,16,1660,,733,214,5.6874,,<1H OCEAN
-119.23,34.42,16,630,117,343,100,5.75,,<1H OCEAN
-119.71,36.8,25,875,156,646,166,3,,INLAND
-120.82,37.49,25,1611,285,882,261,3.5547,,INLAND
-116.57,33.64,10,489,82,183,74,6.2702,,INLAND
-121.19,38.67,16,1754,284,773,277,4.817,,INLAND
-118.37,34.08,28,4376,1202,1847,1128,2.6713,,<1H OCEAN
-118.34,33.99,47,1107,199,437,178,3.7344,,<1H OCEAN
-121.24,37.98,33,450,123,236,103,1.1964,,INLAND
-122.31,38.27,34,1748,284,783,303,4.3585,,NEAR BAY
-118.46,34.07,42,2564,460,913,414,9.2225,,<1H OCEAN
-118.34,34.16,44,1717,391,848,353,3.6111,,<1H OCEAN
-120.88,38.16,8,2029,387,1000,364,4.0109,,INLAND
-121.77,37.22,16,3992,540,2097,555,6.7287,,<1H OCEAN
-118.13,33.96,36,1933,341,958,335,4.4732,,<1H OCEAN
-118.47,34.27,35,1150,185,741,178,5.741,,<1H OCEAN
-119.84,36.82,17,2807,376,996,353,5.5357,,INLAND
-122.06,37.39,26,18,4,8,4,3.75,,NEAR BAY
-122.3,37.97,34,2854,528,1211,452,3.5353,,NEAR BAY
-121.81,39.71,18,1222,250,708,281,2.0288,,INLAND
-118.35,34.09,35,2705,785,1526,793,3.0349,,<1H OCEAN
-117.02,33.76,20,1317,203,453,158,2.8393,,INLAND
-118.12,33.86,34,2116,427,972,396,4.8516,,<1H OCEAN
-118.43,34.22,34,2300,429,1447,455,4.2656,,<1H OCEAN
-122.43,37.72,50,2912,562,1989,537,3.6667,,NEAR BAY
-121.35,38.55,22,2607,411,1216,407,5.0427,,INLAND
-118.29,33.98,30,1162,318,1207,289,1.223,,<1H OCEAN
-122.12,37.28,21,349,64,149,56,5.8691,,<1H OCEAN
-120.83,37.07,16,3736,761,1942,730,2.5598,,INLAND
-118.36,33.87,22,2114,541,1300,538,3.4208,,<1H OCEAN
-118.04,34.09,34,2001,388,1461,397,3.8304,,INLAND
-118.21,34.09,37,1822,498,1961,506,1.9881,,<1H OCEAN
-118.43,34.29,50,1181,265,1196,269,3.2095,,<1H OCEAN
-120.1,39.37,10,2325,410,1016,373,4.5208,,INLAND
-120.98,39.93,25,2220,511,912,449,1.8914,,INLAND
-115.57,32.79,34,1152,208,621,208,3.6042,,INLAND
-121.33,38.03,19,1708,291,906,288,4.918,,INLAND
-120.04,39.24,30,2369,469,510,213,2.65,,INLAND
-118.4,34.14,45,417,89,187,88,5.1377,,<1H OCEAN
-122.01,37.35,33,2517,496,1158,443,5.0785,,<1H OCEAN
-121.8,39.75,11,7212,1355,3264,1264,3.1125,,INLAND
-119.38,36.56,25,1180,222,611,212,2.0729,,INLAND
-120.99,37.68,30,1975,375,732,326,2.6932,,INLAND
-122.51,37.53,17,1574,262,672,241,7.2929,,NEAR OCEAN
-118.98,35.39,29,607,177,476,143,1.1875,,INLAND
-117.07,32.67,28,2758,623,2179,631,2.3814,,NEAR OCEAN
-118.28,34.01,50,2601,794,3080,770,1.8656,,<1H OCEAN
-118.49,34.11,27,6603,879,2336,868,13.2935,,<1H OCEAN
-119.32,36.25,21,1231,,609,206,2.8365,,INLAND
-121.51,38.55,45,3032,631,1341,597,2.8417,,INLAND
-114.56,33.69,17,720,174,333,117,1.6509,,INLAND
-118.36,34.05,48,1825,404,728,363,3.3824,,<1H OCEAN
-121.75,36.93,24,4026,881,2264,863,3.1327,,<1H OCEAN
-122.12,37.88,35,2785,362,1001,363,8.0448,,NEAR BAY
-119.7,34.43,37,1462,306,678,322,5.1545,,<1H OCEAN
-122.49,37.99,27,5470,755,1916,764,6.994,,NEAR BAY
-117.67,33.6,20,1213,171,565,170,7.2592,,<1H OCEAN
-117.3,34.05,7,4672,1121,2534,1046,3.4228,,INLAND
-121.21,38.67,11,5500,956,2827,946,4.1071,,INLAND
-117.34,33.19,23,3546,553,1533,518,5.276,,NEAR OCEAN
-117.21,34.51,17,4379,629,1720,595,5.086,,INLAND
-117.13,32.71,44,1697,413,1396,363,1.5474,,NEAR OCEAN
-118.34,34.03,48,1426,331,784,356,1.6581,,<1H OCEAN
-118.02,34.17,32,3868,548,1558,528,9.4667,,INLAND
-118.07,33.87,18,3405,556,1945,509,5.7652,,<1H OCEAN
-118.09,33.98,37,1226,255,1068,271,3.1607,,<1H OCEAN
-118.36,34.03,38,2365,638,2259,607,2.0879,,<1H OCEAN
-118.34,33.99,34,397,132,250,121,1.675,,<1H OCEAN
-119.16,34.12,17,224,70,147,71,3.6167,,NEAR OCEAN
-117.09,32.99,18,3215,588,1618,509,4.6028,,<1H OCEAN
-123.2,39.16,14,1908,484,1195,467,1.7929,,<1H OCEAN
-117.92,33.85,38,2082,532,1592,510,2.3704,,<1H OCEAN
-117.23,33.78,23,3465,703,2672,607,1.9767,,INLAND
-121.76,38.25,32,1495,333,905,281,2.625,,INLAND
-121.84,37.37,28,1579,339,1252,353,4.1615,,<1H OCEAN
-117.85,34.1,22,5179,944,2315,884,4.51,,<1H OCEAN
-122.49,37.76,49,1724,295,795,297,4.3977,,NEAR BAY
-117.81,33.83,8,7326,884,2569,798,10.157,,<1H OCEAN
-122.14,37.88,34,6986,1096,2865,1124,6.2275,,NEAR BAY
-122.95,39.13,17,380,69,225,72,3.25,,INLAND
-121.32,37.95,40,964,230,742,209,1.2625,,INLAND
-118.18,34.08,31,1318,311,1164,289,2.9939,,<1H OCEAN
-118.42,34.16,17,277,70,119,59,4.0208,,<1H OCEAN
-118.27,34.05,47,661,359,1406,307,1.3169,,<1H OCEAN
-118.25,34.22,30,2062,396,1089,375,5.5362,,<1H OCEAN
-118.33,34.07,52,2248,255,813,265,15.0001,,<1H OCEAN
-122.33,37.58,27,5144,1481,2518,1447,3.4836,,NEAR OCEAN
-118.36,34.05,50,3518,812,1724,758,3.0833,,<1H OCEAN
-117.75,34.06,52,24,6,46,7,1.625,,INLAND
-117.82,33.81,19,2556,304,822,260,9.9055,,<1H OCEAN
-117.68,34.01,20,7326,1555,5718,1538,3.2073,,INLAND
-118.26,33.92,40,1076,244,705,255,1.7986,,<1H OCEAN
-117.36,33.17,24,2046,442,812,367,2.3182,,NEAR OCEAN
-117.06,32.63,29,4168,742,2096,713,4.2204,,NEAR OCEAN
-121.63,39.75,37,1296,296,569,257,1.8616,,INLAND
-117.15,32.81,34,1629,318,900,282,3.1458,,NEAR OCEAN
-122.24,38.25,33,213,36,91,33,4.9167,,NEAR BAY
-117.79,33.69,16,1532,240,679,248,5.7115,,<1H OCEAN
-118.32,34.09,30,1871,766,2595,819,2.0044,,<1H OCEAN
-117.26,32.95,22,5484,1227,1947,1012,4.4375,,NEAR OCEAN
-119.73,36.83,8,3602,,1959,580,5.3478,,INLAND
-121.98,37.97,26,2714,390,1232,409,5.9617,,INLAND
-121.19,39.05,14,1131,193,520,178,3.9,,INLAND
-122.44,37.74,23,184,44,118,40,4.5375,,NEAR BAY
-118.13,33.79,29,2937,524,1132,528,4.6133,,NEAR OCEAN
-121.03,37.69,5,4034,771,1967,742,3.8065,,INLAND
-118.21,33.81,43,905,199,764,204,3.3214,,NEAR OCEAN
-122.13,37.68,44,2147,399,1175,401,4.1974,,NEAR BAY
-117.74,34.11,28,3494,566,1391,522,5.3637,,INLAND
-117.77,34.06,27,2178,629,2379,591,1.9766,,INLAND
-117.3,33.85,15,3991,751,2317,657,2.9542,,INLAND
-121.92,37.31,13,6035,1551,2946,1481,4.0524,,<1H OCEAN
-118.45,34.25,21,2143,565,1803,497,3.9833,,<1H OCEAN
-117.07,32.81,15,2000,402,778,369,4.3594,,<1H OCEAN
-118.63,34.17,33,4769,787,2019,743,5.5798,,<1H OCEAN
-121.97,37.93,4,3241,464,1552,494,6.6134,,INLAND
-122.04,36.96,44,1294,269,645,259,3.2437,,NEAR OCEAN
-117.86,33.74,32,691,151,926,148,4.125,,<1H OCEAN
-122.02,37.53,21,4280,673,2216,681,5.7072,,NEAR BAY
-117.08,32.58,22,2128,477,1420,450,3.2687,,NEAR OCEAN
-118,34.15,48,3436,673,1540,648,4.275,,INLAND
-120.27,38.31,13,3297,662,267,97,3.075,,INLAND
-121.24,39.37,16,2785,616,1387,530,2.3886,,INLAND
-122.22,37.48,47,2570,783,3107,724,2.8058,,NEAR OCEAN
-117.18,32.76,17,711,254,327,227,2.6493,,NEAR OCEAN
-122.25,37.81,28,5806,1603,2563,1497,3.2177,,NEAR BAY
-118.04,33.71,12,4014,868,1605,769,6.0102,,<1H OCEAN
-120.69,36.84,18,902,195,771,174,2.2083,,INLAND
-117.31,34.43,16,5130,1172,3126,1046,1.6784,,INLAND
-118.19,34.1,39,2054,423,1205,403,4.239,,<1H OCEAN
-118.2,34.12,41,1908,503,1557,453,2.9194,,<1H OCEAN
-122.28,37.78,50,1487,306,730,327,2.5139,,NEAR BAY
-119.21,34.18,13,6103,1319,2986,1212,3.9718,,NEAR OCEAN
-116.86,33.73,13,2604,443,978,417,2.933,,INLAND
-122.06,37.36,34,1747,250,662,257,6.8268,,<1H OCEAN
-118.24,33.99,41,1425,372,1803,353,1.6731,,<1H OCEAN
-118.25,34.13,36,2946,1025,2542,912,2.2244,,<1H OCEAN
-118.95,34.19,24,2719,434,1318,424,4.675,,<1H OCEAN
-117.66,34.15,20,2524,311,965,285,8.0103,,INLAND
-121.86,37.4,21,1386,260,946,257,6.5226,,<1H OCEAN
-117.64,34.08,37,2576,468,1284,428,3.3958,,INLAND
-121.88,37.44,17,1621,299,1028,293,5.2722,,<1H OCEAN
-122.68,38.43,18,2723,529,1150,520,3.5885,,<1H OCEAN
-117.18,33.78,7,1697,424,808,354,1.3417,,INLAND
-121.86,37.4,19,4043,764,2196,708,6.1504,,<1H OCEAN
-117.23,33.09,7,5320,855,2015,768,6.3373,,NEAR OCEAN
-118.96,35.4,27,2473,400,1271,427,3.5524,,INLAND
-117.97,33.92,32,2620,398,1296,429,5.7796,,<1H OCEAN
-117.92,33.75,23,893,223,1149,216,2.6442,,<1H OCEAN
-119.77,36.3,24,2202,471,1052,439,2.1038,,INLAND
-116.95,33.68,11,1183,178,543,147,4.4792,,INLAND
-122.23,37.79,43,5963,1344,4367,1231,2.1917,,NEAR BAY
-121.66,36.82,17,3921,654,1895,641,5.0092,,<1H OCEAN
-121.23,38.67,27,5266,971,2432,948,3.8954,,INLAND
-122.38,40.54,36,1216,240,647,228,2.6944,,INLAND
-118.19,34.02,34,1478,369,1735,348,1.8875,,<1H OCEAN
-122.27,37.78,52,1408,280,718,265,2.6806,,NEAR BAY
-122.47,37.69,35,1720,421,1452,425,3.5909,,NEAR OCEAN
-122.22,37.81,52,2944,536,1034,521,5.3509,,NEAR BAY
-118.37,33.85,34,2415,404,1278,414,6.1599,,<1H OCEAN
-117.95,33.74,21,3576,554,1846,538,5.9838,,<1H OCEAN
-122.2,37.78,39,1752,399,1071,376,3.1167,,NEAR BAY
-121.47,38.72,26,1708,299,911,290,4.0227,,INLAND
-121.39,38.56,19,8507,1470,3517,1453,4.3644,,INLAND
-118.15,34.12,52,1518,344,725,296,3.4018,,<1H OCEAN
-122.25,37.81,46,3232,835,1373,747,3.225,,NEAR BAY
-118.57,34.22,17,3262,753,1879,708,4.1359,,<1H OCEAN
-120.08,37.06,18,402,76,213,71,1.9063,,INLAND
-118.2,33.84,35,3405,779,1953,671,2.7813,,NEAR OCEAN
-120.85,37.77,37,1738,403,936,366,2.4717,,INLAND
-118.3,33.82,26,2080,560,2096,506,2.8106,,<1H OCEAN
-118.36,34.1,52,1096,247,423,230,3.0179,,<1H OCEAN
-121.82,37.73,47,127,23,51,21,4.3472,,INLAND
-118.22,33.98,15,1011,274,899,219,2.7045,,<1H OCEAN
-118.29,34.03,38,1501,437,1777,441,2.0848,,<1H OCEAN
-122.72,40.17,16,396,78,188,72,1.3889,,INLAND
-122.17,37.74,43,818,193,494,179,2.4776,,NEAR BAY
-117.44,34.09,24,3477,831,2541,753,2.3682,,INLAND
-119.16,36.28,18,2377,414,1359,424,4.4,,INLAND
-117.25,32.72,33,1677,228,629,239,6.597,,NEAR OCEAN
-117.09,32.64,20,1999,651,1302,592,1.6321,,NEAR OCEAN
-122.2,37.82,37,1229,181,420,176,7.0175,,NEAR BAY
-119.99,36.8,45,1270,242,598,214,3.2813,,INLAND
-117.94,34.08,34,1970,476,1269,406,4.064,,<1H OCEAN
-118.44,34.15,15,4420,1076,1669,1016,4.6375,,<1H OCEAN
-121.29,37.98,49,2501,565,1171,550,2.5043,,INLAND
-118.31,34.03,34,2041,517,1479,495,2.1173,,<1H OCEAN
-118.17,33.79,32,2171,672,3002,648,2.375,,NEAR OCEAN
-117.22,32.87,5,3511,1008,1599,918,3.8542,,NEAR OCEAN
-121.38,38.69,35,2943,554,1460,510,2.6713,,INLAND
-122.29,38.19,13,7065,1259,3864,1221,4.7472,,NEAR BAY
-119.76,36.81,19,4643,1429,4638,1335,1.2716,,INLAND
-121.96,37.95,25,4026,791,1850,709,4.1483,,INLAND
-118.2,34.11,37,2040,611,1698,545,1.9355,,<1H OCEAN
-122.15,37.41,29,473,103,359,87,7.0309,,NEAR BAY
-117.98,33.75,37,1264,274,783,273,3.3438,,<1H OCEAN
-121.82,37.34,23,7609,1446,6034,1414,4.8424,,<1H OCEAN
-119.02,35.37,44,2687,620,1521,549,1.7213,,INLAND
-122.09,37.37,27,1269,186,464,182,6.8374,,NEAR BAY
-119.86,34.38,26,1626,375,1580,359,2.1471,,NEAR OCEAN
-117.67,34.1,28,1263,248,601,219,3.875,,INLAND
-118.02,33.95,35,2085,400,1112,391,3.4886,,<1H OCEAN
-119.3,36.34,45,3723,831,2256,770,1.8299,,INLAND
-121.8,38.01,46,2273,495,1088,447,2.2532,,INLAND
-121.33,38.66,15,4371,908,1842,818,2.7797,,INLAND
-117.32,33.22,15,4784,1039,1810,986,2.4375,,NEAR OCEAN
-118.29,34.01,40,885,312,799,221,1.1667,,<1H OCEAN
-121.42,37.75,33,1999,368,1061,390,3.5242,,INLAND
-122.04,37.99,38,2675,541,1378,480,3.8897,,NEAR BAY
-122.01,37.55,34,2791,495,1276,468,4.9167,,NEAR BAY
-121.81,37.31,14,2731,578,1109,551,3.1382,,<1H OCEAN
-118.06,33.83,17,1973,516,1112,501,3.8512,,<1H OCEAN
-118.3,34,52,1743,421,1206,384,1.6875,,<1H OCEAN
-119.36,36.33,11,3221,617,1351,565,2.9844,,INLAND
-119.51,34.4,24,3422,596,1763,601,5.2039,,NEAR OCEAN
-121.32,38.03,16,4045,623,1862,625,4.875,,INLAND
-117.97,33.99,22,5284,982,2613,932,4.7332,,<1H OCEAN
-121.79,38.01,17,4032,814,1749,618,3.1728,,INLAND
-122.01,37.36,16,1105,354,499,324,4.2061,,<1H OCEAN
-122.08,37.38,33,2771,659,1496,581,3.4042,,NEAR BAY
-120.59,38.45,13,2944,558,1091,466,3,,INLAND
-118.56,34.2,35,2273,,1431,403,4.0789,,<1H OCEAN
-122.24,37.81,52,2093,550,918,483,2.7477,,NEAR BAY
-119.64,36.31,27,1513,314,1071,284,1.5909,,INLAND
-117.83,33.65,9,638,266,426,234,3.7875,,<1H OCEAN
-117.65,33.4,17,2737,654,910,492,3.5729,,NEAR OCEAN
-117.99,34.06,32,2491,616,2660,595,2.564,,INLAND
-117.55,33.93,25,5187,934,2725,860,4.1865,,INLAND
-117.85,34.14,35,2899,429,1251,429,6.1049,,INLAND
-117.01,32.85,23,2592,414,1401,431,5.4903,,<1H OCEAN
-120.84,35.3,15,2062,327,781,316,4.9359,,NEAR OCEAN
-117.95,33.78,26,4115,883,2184,825,3.9536,,<1H OCEAN
-123.18,40.58,18,1451,278,695,254,1.7262,,INLAND
-117.3,34.15,40,961,199,509,182,2.06,,INLAND
-121.99,37.36,33,2545,467,1287,458,5.5,,<1H OCEAN
-121.41,38.6,16,5407,1467,2523,1265,2.0471,,INLAND
-121.18,39.19,16,1528,351,729,319,2.4688,,INLAND
-118.25,33.78,32,296,139,511,133,1.4444,,NEAR OCEAN
-120.45,34.65,27,2215,578,1544,527,1.9257,,NEAR OCEAN
-118.32,33.35,27,1675,521,744,331,2.1579,,ISLAND
-121.64,36.82,18,1819,283,919,295,4.1696,,<1H OCEAN
-122.28,37.87,46,3022,696,1293,675,2.543,,NEAR BAY
-117.13,34.24,17,2828,506,673,274,5.2563,,INLAND
-118.38,34.11,38,2601,523,870,474,7.1134,,<1H OCEAN
-118.06,34.09,40,1975,389,1116,378,4.2898,,<1H OCEAN
-116.36,33.78,6,24121,4522,4176,2221,3.3799,,INLAND
-118.49,34.28,31,3508,585,1957,588,6.6458,,<1H OCEAN
-118.47,34.02,35,3057,774,2223,732,2.0745,,<1H OCEAN
-117.9,33.61,41,1521,328,527,275,4.0764,,<1H OCEAN
-123.85,39.39,23,4671,912,2095,857,3.184,,<1H OCEAN
-122.83,38.39,19,1765,394,868,388,2.462,,<1H OCEAN
-122.44,37.76,52,1968,472,784,430,3.3702,,NEAR BAY
-122.42,37.74,52,1786,427,856,394,3.0833,,NEAR BAY
-118.25,34,41,1768,475,1721,474,1.303,,<1H OCEAN
-118.28,34.06,52,1261,616,2309,581,1.6184,,<1H OCEAN
-122.43,37.81,39,3275,837,1137,725,3.7679,,NEAR BAY
-120.84,37.5,47,2310,484,1126,447,2.2083,,INLAND
-118.37,34.2,34,2199,609,2488,597,2.9861,,<1H OCEAN
-117.84,34.63,5,6739,1251,4614,1266,4.002,,INLAND
-122.41,37.64,38,1204,268,921,247,4.4464,,NEAR OCEAN
-117.9,34.13,5,1126,316,819,311,1.5,,<1H OCEAN
-121.87,39.75,22,1707,296,822,297,3.6625,,INLAND
-119.81,36.76,48,2059,388,834,405,2.9306,,INLAND
-122.46,37.75,26,2192,438,954,456,4.5352,,NEAR BAY
-121.87,37.32,39,1839,471,1528,456,2.6818,,<1H OCEAN
-118.23,34.12,32,2094,491,1413,479,4.5089,,<1H OCEAN
-117.06,32.57,17,2252,378,1776,365,4.6364,,NEAR OCEAN
-122.08,37.63,37,1793,364,1534,346,3.6458,,NEAR BAY
-119.8,36.75,52,1788,449,1156,418,1.7298,,INLAND
-118.23,33.93,39,2065,532,2015,535,0.8478,,<1H OCEAN
-119.79,36.76,52,2408,498,1361,465,2.1055,,INLAND
-122.07,38.24,15,7937,1635,4390,1567,3.5464,,INLAND
-121.96,37.95,13,3216,765,1627,715,3.0859,,INLAND
-121.92,37.96,14,5332,884,2093,839,5.2798,,INLAND
-122.31,38.32,35,3997,762,2074,703,3.285,,NEAR BAY
-122.19,39.74,39,4179,814,2111,809,2.3507,,INLAND
-122.57,37.99,45,2404,425,926,400,4.9674,,NEAR BAY
-122.06,37.86,16,5187,1014,1512,986,4.4551,,NEAR BAY
-118.38,33.91,36,2904,515,1463,534,5.8374,,<1H OCEAN
-117.7,33.64,15,5743,773,2380,773,8.1926,,<1H OCEAN
-122.33,37.98,3,2850,544,1024,515,6.0115,,NEAR BAY
-121.32,36.79,30,516,90,288,95,3.6333,,INLAND
-121.96,37.53,23,2215,475,1278,492,4.2955,,<1H OCEAN
-124.09,40.92,12,2497,491,1153,462,2.8182,,NEAR OCEAN
-121.49,37.94,31,1860,394,1848,293,2.2891,,INLAND
-121.94,37.42,16,3936,788,1910,769,4.7049,,<1H OCEAN
-115.51,33.12,21,1024,218,890,232,2.101,,INLAND
-117.88,33.74,16,1444,446,2329,441,3.1691,,<1H OCEAN
-122.42,37.78,52,989,425,634,341,2.4414,,NEAR BAY
-122.2,37.75,36,606,132,531,133,1.5809,,NEAR BAY
-116.96,34.94,20,2355,467,1198,428,3.9934,,INLAND
-117.95,33.84,34,1229,215,1035,218,3.5455,,<1H OCEAN
-117.02,32.84,17,4013,673,2263,661,5.131,,<1H OCEAN
-117.65,33.6,13,2319,430,1004,380,5.133,,<1H OCEAN
-121.96,38.34,14,3035,680,1597,663,3.6036,,INLAND
-122.26,37.78,52,970,217,528,208,3.3438,,NEAR BAY
-121.32,36.42,20,1054,269,1219,273,3.0437,,<1H OCEAN
-121.83,37.23,7,5389,903,2232,825,6.6659,,<1H OCEAN
-124.17,40.8,52,1606,419,891,367,1.585,,NEAR OCEAN
-117.62,33.47,4,1812,255,661,211,6.487,,NEAR OCEAN
-117.15,34.48,31,265,55,186,55,2.125,,INLAND
-117.98,34.14,24,1596,388,1329,352,3.0417,,INLAND
-120.95,37.59,29,1727,439,1063,386,1.8929,,INLAND
-121.95,37.35,48,1246,294,697,284,3.6118,,<1H OCEAN
-118.05,33.82,21,2997,372,1323,372,8.6123,,<1H OCEAN
-121.94,37.24,26,2561,388,1165,393,7.3522,,<1H OCEAN
-118.45,34.19,11,2479,900,2466,855,2.2264,,<1H OCEAN
-121.88,37.26,25,3025,689,1755,661,3.8893,,<1H OCEAN
-121.8,40.34,26,4815,910,1341,539,2.881,,INLAND
-121.77,37.68,44,495,112,277,109,2.6667,,INLAND
-120.87,38.71,13,2692,470,1302,420,4,,INLAND
-115.56,32.79,20,2372,835,2283,767,1.1707,,INLAND
-118.44,34.05,15,5368,1312,2269,1232,5.7097,,<1H OCEAN
-118.37,34.03,37,1236,,966,292,3.0694,,<1H OCEAN
-118.39,34.15,36,2696,713,905,659,3.1146,,<1H OCEAN
-119.78,36.73,52,1377,319,1280,259,1.2344,,INLAND
-117.89,33.66,33,3595,785,1621,732,4.1372,,<1H OCEAN
-121.37,38.56,19,6308,1167,3012,1112,2.9464,,INLAND
-118.2,33.85,46,1854,462,1360,429,2.4844,,<1H OCEAN
-120.46,37.31,26,3170,572,1524,565,3.48,,INLAND
-120.94,37.65,13,5075,978,3033,838,3.0577,,INLAND
-118.76,34.26,26,1929,293,1067,320,5.4038,,<1H OCEAN
-118.52,34.22,35,1275,222,959,226,5.0282,,<1H OCEAN
-118.41,34.02,34,1430,357,805,362,3.3462,,<1H OCEAN
-118.3,33.97,46,1425,317,1140,304,3.375,,<1H OCEAN
-118.42,34.16,46,54,9,20,6,0.536,,<1H OCEAN
-122.27,37.89,52,1978,293,723,272,5.3989,,NEAR BAY
-118.17,34.19,45,1790,316,1035,312,4.0985,,<1H OCEAN
-117.68,33.59,8,2327,263,899,236,14.9009,,<1H OCEAN
-122.47,37.61,34,4551,837,2208,834,5.4364,,NEAR OCEAN
-118.21,34.56,12,2472,408,1048,380,4.7097,,INLAND
-117.77,33.51,29,3590,772,1070,603,4.4464,,<1H OCEAN
-119.24,35.77,28,1737,521,1764,514,1.7813,,INLAND
-121.67,36.93,22,569,132,542,125,2.1875,,<1H OCEAN
-119.88,36.93,12,3174,520,1590,488,4.5347,,INLAND
-119.33,36.32,23,3137,628,1446,548,2.5,,INLAND
-117.23,32.8,27,1297,355,776,337,2.4643,,NEAR OCEAN
-117.17,32.82,21,2869,596,1471,577,3.0375,,NEAR OCEAN
-121.27,37.96,41,461,101,382,79,1.275,,INLAND
-118.14,33.95,44,1812,338,822,314,6.7744,,<1H OCEAN
-118.19,34.13,50,1309,302,883,293,3.1287,,<1H OCEAN
-122.52,37.88,52,176,50,88,46,3.8068,,NEAR BAY
-118.01,33.89,34,1653,292,1003,310,4.6,,<1H OCEAN
-121.76,38.57,11,15018,3008,7984,2962,3.1371,,INLAND
-116.97,33.78,24,2680,606,1728,527,2.535,,INLAND
-117.17,32.75,28,1514,384,540,352,2.1532,,NEAR OCEAN
-120.4,34.87,10,2197,329,1064,319,4.9766,,<1H OCEAN
-118.41,34.03,24,3711,1192,1764,1147,3.1642,,<1H OCEAN
-122.63,38.24,45,1615,338,823,327,2.5179,,<1H OCEAN
-122.2,37.46,40,1723,208,976,209,9.8892,,NEAR OCEAN
-120.98,38.34,27,3471,653,1793,600,3.5508,,INLAND
-118.37,33.93,10,199,41,61,56,2.8958,,<1H OCEAN
-122.06,37.34,13,2057,466,790,436,5.0081,,<1H OCEAN
-118.21,34.04,47,1306,391,1499,346,2.2788,,<1H OCEAN
-122.4,37.76,52,4265,912,1555,836,4.119,,NEAR BAY
-118.12,34.68,12,5319,875,2439,779,4.6629,,INLAND
-121.53,38.56,39,2438,483,1103,472,2.9375,,INLAND
-122.43,37.8,52,2994,821,1240,779,3.3715,,NEAR BAY
-119.65,36.35,38,3148,568,1378,537,2.8788,,INLAND
-117.95,35.13,4,2630,502,1150,422,4.25,,INLAND
-121.29,38.13,20,3168,514,1390,490,5,,INLAND
-122.04,38.24,22,2761,757,2612,641,1.6875,,INLAND
-122.11,37.14,29,3201,640,1722,570,4.4597,,NEAR OCEAN
-117.3,34.12,50,1629,437,1581,394,2.2019,,INLAND
-122.58,38.46,15,2936,517,1182,501,3.3981,,<1H OCEAN
-117.39,34.13,9,2228,398,1316,370,4.1632,,INLAND
-122.32,37.52,17,6645,1034,2557,1032,6.3892,,NEAR OCEAN
-118.15,34.67,5,12317,2953,6291,2654,3.5732,,INLAND
-122.7,38.46,29,2891,459,1012,441,5.0415,,<1H OCEAN
-122.27,37.78,13,2020,535,959,486,5.2601,,NEAR BAY
-121.46,38.55,40,2077,435,1454,385,2.0074,,INLAND
-117.41,34.23,17,889,131,439,141,6.1426,,INLAND
-118.27,33.76,46,22,11,32,7,3.125,,NEAR OCEAN
-118.31,33.86,29,2243,361,1051,352,6.6632,,<1H OCEAN
-118.34,33.93,33,4294,1224,4512,1189,2.8304,,<1H OCEAN
-119.55,36.72,6,1186,234,1135,218,2.1515,,INLAND
-116.48,33.94,10,3254,913,923,486,1.8,,INLAND
-120.93,39.96,15,1666,351,816,316,2.9559,,INLAND
-114.65,33.6,28,1678,322,666,256,2.9653,,INLAND
-122.48,37.75,48,2555,548,1285,482,3.7734,,NEAR BAY
-122,37.31,33,4211,918,2389,861,4.7235,,<1H OCEAN
-118.39,33.88,35,1267,216,521,191,6.0441,,<1H OCEAN
-120.81,38.73,38,2005,385,882,353,2.5104,,INLAND
-118.42,34.03,45,1262,223,637,221,5.0866,,<1H OCEAN
-118.47,33.99,41,1146,310,833,270,2.5938,,<1H OCEAN
-116.39,33.82,15,11115,2257,4122,1653,2.7219,,INLAND
-117.85,33.79,46,1846,383,867,336,3.4234,,<1H OCEAN
-118.9,34.3,13,5591,1013,3188,971,5.5925,,<1H OCEAN
-122.32,37.55,44,2151,411,849,370,4.4583,,NEAR OCEAN
-118.18,33.82,52,2618,472,943,440,3.7895,,NEAR OCEAN
-118.44,34.32,14,6235,1286,3568,1190,4.1724,,<1H OCEAN
-116.15,34.14,18,3312,705,1251,512,3.0139,,INLAND
-122.19,38.07,20,3000,525,1207,491,4.6406,,NEAR BAY
-118.36,33.89,27,2837,684,2141,648,3.1325,,<1H OCEAN
-117.91,33.78,26,4297,1037,3596,967,3.045,,<1H OCEAN
-117.39,34.09,10,5736,945,3528,932,4.3958,,INLAND
-122.02,37.56,35,1716,312,914,316,5.5737,,NEAR BAY
-117.57,34.02,5,6933,1311,3845,1285,4.6727,,INLAND
-118.37,33.82,36,2416,394,1115,386,6.256,,<1H OCEAN
-117.27,33.02,13,5723,1242,2450,1140,4.7179,,NEAR OCEAN
-117.4,34.08,21,3622,667,2503,720,3.8531,,INLAND
-117.98,34.07,15,3543,888,3131,823,3.0184,,INLAND
-122.71,38.42,23,1569,414,1031,368,1.6267,,<1H OCEAN
-117.98,34,22,3632,538,1968,566,6.019,,<1H OCEAN
-121.47,39.01,37,1244,247,484,157,2.3661,,INLAND
-118.08,33.94,21,3933,949,2219,820,2.4926,,<1H OCEAN
-117.01,32.76,34,3415,608,1464,593,4.0549,,<1H OCEAN
-121.98,37.26,27,2331,461,1178,447,4.6654,,<1H OCEAN
-121.29,37.97,52,2995,555,1392,503,1.7794,,INLAND
-118.13,33.81,37,1228,237,572,242,4.325,,<1H OCEAN
-117.88,33.74,31,1120,296,1718,268,2.8077,,<1H OCEAN
-118.16,33.77,38,3235,769,1284,752,2.9384,,NEAR OCEAN
-122.79,39.02,23,642,203,265,84,1.8833,,INLAND
-120.03,38.19,26,7005,1358,416,189,2.125,,INLAND
-118.39,33.97,44,1097,186,513,185,6.235,,<1H OCEAN
-119.57,37.94,17,346,130,51,20,3.4861,,INLAND
-121.07,39.13,8,4839,832,1977,762,4.0848,,INLAND
-118.05,33.72,17,1875,472,900,406,5.2589,,<1H OCEAN
-117.09,33.15,13,3958,865,1981,840,3.4764,,<1H OCEAN
-117.98,33.74,29,3443,635,2257,620,4.7404,,<1H OCEAN
-118.47,34.23,22,8350,2717,9135,2452,2.5008,,<1H OCEAN
-118.14,34.17,42,2757,713,2112,653,2.7148,,<1H OCEAN
-118.11,33.8,35,1034,180,444,177,5.4602,,<1H OCEAN
-122.04,38.25,38,1214,244,632,254,2.8438,,INLAND
-124.01,40.97,21,1513,319,943,301,3.538,,<1H OCEAN
-119.17,34.31,21,259,38,142,45,5.2681,,NEAR OCEAN
-121.06,37.66,6,3655,598,1993,596,4.6053,,INLAND
-117.04,32.74,33,3880,770,2288,805,3.6848,,NEAR OCEAN
-121.98,37.82,18,9117,1248,3280,1167,8.003,,<1H OCEAN
-120.48,41.82,20,1367,284,429,181,2.0227,,INLAND
-117.86,33.62,23,3166,411,1092,345,7.9367,,<1H OCEAN
-122.34,40.51,16,2247,502,1206,463,1.9946,,INLAND
-117,32.73,17,6050,1143,3424,1131,3.7647,,<1H OCEAN
-117.31,34.5,14,2443,447,883,465,2.1111,,INLAND
-121.97,37.25,21,2775,389,856,350,7.9135,,<1H OCEAN
-123.19,39.12,38,267,57,196,60,2.3125,,<1H OCEAN
-118.43,34.18,33,2717,662,1546,597,3.9099,,<1H OCEAN
-118.24,34.14,27,2909,1021,2614,935,2.1444,,<1H OCEAN
-121.07,38.94,14,1710,294,839,297,4.7143,,INLAND
-118.34,33.84,36,1407,231,676,231,5.269,,<1H OCEAN
-117.05,32.75,35,2144,388,1003,383,3.0938,,NEAR OCEAN
-118.09,33.8,36,1724,322,838,328,4.4831,,<1H OCEAN
-118.05,34.1,30,2143,427,1107,416,4.2321,,INLAND
-118.42,34,14,3771,1180,2355,978,3.1603,,<1H OCEAN
-122.14,37.46,27,5580,2009,4165,1763,2.4375,,NEAR BAY
-118.44,34.24,35,2344,435,1531,399,3.725,,<1H OCEAN
-121.42,38.55,35,182,39,115,43,2.6417,,INLAND
-121.87,37.33,37,3137,685,2048,651,3.0156,,<1H OCEAN
-122.22,37.46,37,2586,495,1208,502,4.3214,,NEAR OCEAN
-122.61,38.09,18,6205,821,2311,756,6.9081,,<1H OCEAN
-117.05,33.04,12,1840,254,580,234,6.7769,,<1H OCEAN
-119.87,36.79,8,2875,548,1718,551,3.6522,,INLAND
-122.27,37.85,52,4076,920,1800,815,2.7054,,NEAR BAY
-118.16,33.87,32,1854,471,1363,478,2.6406,,<1H OCEAN
-120.87,37.76,16,2022,413,1126,408,2.5655,,INLAND
-122.44,37.77,52,2705,647,1355,628,2.0161,,NEAR BAY
-117.37,34.01,15,1386,247,703,185,3.6415,,INLAND
-118.47,34.03,29,3287,882,1523,823,3.7381,,<1H OCEAN
-118.28,33.92,39,1274,282,975,277,1.5114,,<1H OCEAN
-118.14,34.04,43,1949,464,1216,457,3.3214,,<1H OCEAN
-117.18,32.82,25,1756,301,722,312,4.5625,,NEAR OCEAN
-119.12,36.05,27,1575,321,1063,317,2.1477,,INLAND
-118.07,34.07,31,1370,284,1062,277,3.5156,,<1H OCEAN
-122.09,37.99,19,3073,506,1773,493,5.4496,,NEAR BAY
-122.38,37.58,52,1704,226,671,243,8.4704,,NEAR OCEAN
-117.97,33.88,9,1344,279,530,265,5.0731,,<1H OCEAN
-117.19,32.75,52,25,5,13,5,0.536,,NEAR OCEAN
-121.29,38.03,7,2021,441,1615,406,2.5842,,INLAND
-118.78,34.16,9,30405,4093,12873,3931,8.0137,,NEAR OCEAN
-118.95,34.81,30,2817,604,1089,412,3.1364,,INLAND
-118.75,34.26,24,2234,373,1325,383,5.4604,,<1H OCEAN
-117.65,33.46,19,7034,1139,2824,1068,6.0873,,<1H OCEAN
-118.29,33.92,23,2503,532,1735,505,2.7368,,<1H OCEAN
-118.08,33.87,23,2536,552,2012,556,4.1406,,<1H OCEAN
-117.17,32.71,7,2493,693,951,641,4.2375,,NEAR OCEAN
-118.46,34.03,52,523,,317,130,2.2794,,<1H OCEAN
-120.59,37.35,15,3249,613,1569,595,3.5393,,INLAND
-122.49,37.92,26,2170,347,849,318,6.2953,,NEAR BAY
-117.31,34.53,26,2299,496,1259,441,2.6125,,INLAND
-120.48,39.66,32,1516,289,304,131,1.8839,,INLAND
-118.45,34.31,9,1739,358,820,323,4.0556,,<1H OCEAN
-118.16,34.04,45,332,70,302,60,3.1895,,<1H OCEAN
-118.23,33.93,37,239,49,308,52,1.4028,,<1H OCEAN
-121.04,37.5,33,613,123,343,116,3.1875,,INLAND
-118.01,33.96,36,1805,288,882,308,5.3054,,<1H OCEAN
-121.13,36.21,34,2504,550,1810,547,3.4821,,<1H OCEAN
-121.88,37.24,24,4420,996,2981,975,3.506,,<1H OCEAN
-118.35,34.17,47,858,170,365,171,2.0385,,<1H OCEAN
-121.94,37.34,29,3377,853,1674,792,3.4233,,<1H OCEAN
-121.17,37.82,35,2506,406,1316,398,3.8472,,INLAND
-118.4,34.07,22,2170,593,850,520,2.9107,,<1H OCEAN
-122.41,37.77,52,361,76,168,55,3.2292,,NEAR BAY
-122.1,37.4,23,514,210,367,206,3.1736,,NEAR BAY
-121.29,38.67,20,1992,363,889,346,3.6516,,INLAND
-117.1,32.58,29,1061,202,759,206,4.8646,,NEAR OCEAN
-122.49,38.32,30,1631,284,788,284,3.3098,,<1H OCEAN
-117.93,33.9,30,2629,331,956,319,9.9071,,<1H OCEAN
-121.81,37.99,22,2331,359,1086,340,5.1435,,INLAND
-120.45,34.65,25,980,276,896,245,2,,NEAR OCEAN
-121.88,36.96,18,6355,1100,2304,972,6.0281,,NEAR OCEAN
-118.41,34.19,39,1169,242,612,247,4.1429,,<1H OCEAN
-122.42,37.79,52,3511,1232,2452,1131,2.5013,,NEAR BAY
-117.28,34.26,18,3895,,1086,375,3.3672,,INLAND
-118.31,34.01,52,2547,475,1417,444,1.8214,,<1H OCEAN
-118.28,33.97,31,2017,566,2063,521,1.9219,,<1H OCEAN
-121.89,36.63,20,1834,554,971,514,3.0383,,<1H OCEAN
-118.34,33.86,36,2223,360,1162,376,5.259,,<1H OCEAN
-121.62,39.13,41,1147,243,583,239,2.2431,,INLAND
-117.59,33.91,7,10223,1491,5205,1509,5.4872,,INLAND
-121.86,37.37,15,8162,2124,8793,2086,3.3306,,<1H OCEAN
-122.2,37.77,43,2430,502,1537,484,2.898,,NEAR BAY
-117.71,34.1,41,555,130,1492,123,2.2813,,INLAND
-118.41,34.21,35,2215,459,1594,446,4.0167,,<1H OCEAN
-118.2,33.98,32,1403,399,1506,375,2,,<1H OCEAN
-118.78,34.26,24,4072,582,1834,565,6.0487,,<1H OCEAN
-121.76,37.69,29,3433,711,1919,709,3.3841,,INLAND
-122.02,37.94,19,3192,612,1317,594,4.125,,NEAR BAY
-118.27,34.09,52,2327,555,1048,491,3.7847,,<1H OCEAN
-118.38,33.87,33,1993,371,918,361,6.9021,,<1H OCEAN
-119.77,36.83,16,2360,355,1034,359,5.0635,,INLAND
-122.13,37.68,43,1676,340,924,328,3.6,,NEAR BAY
-118.03,33.93,35,2470,416,1386,411,5.2736,,<1H OCEAN
-118.14,34.01,42,1973,510,1841,502,2.5326,,<1H OCEAN
-117.04,32.8,11,1802,440,630,428,2.0337,,<1H OCEAN
-117.65,34.14,9,3877,490,1815,490,8.4839,,INLAND
-122.29,37.87,44,2539,755,1382,713,2.537,,NEAR BAY
-120.17,39.33,18,1046,204,486,179,4.119,,INLAND
-118.1,33.9,37,1061,202,768,206,4.75,,<1H OCEAN
-121.86,37.41,16,1489,262,945,263,7.3861,,<1H OCEAN
-122.08,37.95,24,3173,548,1351,536,5.0672,,NEAR BAY
-117.83,33.66,16,1574,385,515,363,5.3423,,<1H OCEAN
-118.29,33.71,40,1933,475,902,412,4.25,,NEAR OCEAN
-120.84,37.07,24,1520,335,882,306,2.2019,,INLAND
-118.38,34.07,21,3653,956,1510,890,3.5573,,<1H OCEAN
-118.39,33.9,7,4314,725,1699,718,8.2037,,<1H OCEAN
-117.55,33.89,25,2999,439,1396,458,5.6973,,INLAND
-118.99,35.37,36,832,198,814,174,1.4773,,INLAND
-117.18,32.79,30,5201,1104,2961,1064,3.2661,,NEAR OCEAN
-117.79,33.68,10,2106,319,1002,332,8.735,,<1H OCEAN
-118.05,33.93,31,894,203,883,190,3.6771,,<1H OCEAN
-120.89,37.45,29,1940,337,1070,332,3.6597,,INLAND
-117.51,33.95,12,9016,1486,4285,1457,4.9984,,INLAND
-118.48,34.19,36,2058,423,1132,423,3.8833,,<1H OCEAN
-117.99,33.82,19,1991,528,1202,460,3.1538,,<1H OCEAN
-118.23,34.2,51,1477,280,750,295,5.3925,,<1H OCEAN
-118.93,34.4,17,3275,599,2422,637,3.7092,,<1H OCEAN
-122.13,37.71,44,1613,339,776,346,3.1103,,NEAR BAY
-118.02,33.77,7,586,118,232,107,5.2077,,<1H OCEAN
-117.83,33.87,5,6971,1449,3521,1423,5.2131,,<1H OCEAN
-121.85,39.74,41,2901,689,1426,632,1.5633,,INLAND
-117.04,32.77,16,7963,1881,3769,1804,2.9624,,<1H OCEAN
-118.13,33.84,46,2439,429,944,374,4.2841,,<1H OCEAN
-117.13,32.72,17,1285,423,1208,409,1.758,,NEAR OCEAN
-117.72,33.61,26,2653,621,774,584,2.49,,<1H OCEAN
-119.79,36.82,23,4358,819,1852,802,3.4167,,INLAND
-118.31,34.16,37,2144,446,860,435,3.9464,,<1H OCEAN
-121.24,38.64,13,4491,689,1657,667,5.259,,INLAND
-121.88,37.99,16,3787,515,1606,507,5.5676,,INLAND
-121.33,38.28,14,980,171,659,183,4.4306,,INLAND
-118.26,33.95,44,1481,329,999,315,1.5147,,<1H OCEAN
-120.41,34.86,15,978,187,407,182,4.375,,<1H OCEAN
-122.1,38.24,13,7367,1042,3193,983,5.3102,,NEAR BAY
-119.08,36.2,30,1677,358,1159,365,2.4554,,INLAND
-122.33,37.53,18,4493,760,1784,725,6.7042,,NEAR OCEAN
-122.3,37.56,36,1379,228,750,227,5.5381,,NEAR OCEAN
-121.92,36.62,52,728,161,313,142,3.4327,,NEAR OCEAN
-119.13,36.13,28,1673,385,1434,371,2.0586,,INLAND
-118.46,33.99,52,1158,253,528,253,3.5234,,<1H OCEAN
-122.01,36.99,41,2548,508,1290,488,3.6902,,NEAR OCEAN
-118.15,34.17,46,2553,558,1740,492,2.0278,,<1H OCEAN
-117.25,34.11,30,2173,560,1509,486,1.4079,,INLAND
-121.92,38.02,8,2750,479,1526,484,5.102,,INLAND
-117.7,33.56,2,2112,305,703,261,6.9343,,<1H OCEAN
-117.39,34.12,7,5059,780,3253,801,4.9196,,INLAND
-122.28,37.81,35,948,184,467,169,1.8088,,NEAR BAY
-117.08,32.7,37,2176,418,1301,375,2.875,,NEAR OCEAN
-118.19,33.98,40,973,272,1257,258,2.8214,,<1H OCEAN
-117.19,34.03,36,2223,361,942,331,4.6806,,INLAND
-122.75,39.01,17,4162,967,889,414,3.4187,,INLAND
-122.67,38.25,32,1333,235,660,206,4.0729,,<1H OCEAN
-119.03,35.34,36,3474,645,1679,616,2.7256,,INLAND
-118.44,34.01,41,1309,221,534,228,5.1708,,<1H OCEAN
-116.54,33.87,16,3648,1035,1687,581,1.9167,,INLAND
-117.25,32.8,37,1096,260,490,267,3.2663,,NEAR OCEAN
-118.19,34.03,42,2250,629,2588,609,1.9719,,<1H OCEAN
-117.91,34.1,35,2746,478,1779,501,4.25,,<1H OCEAN
-118.32,33.94,36,1153,224,639,226,4,,<1H OCEAN
-118.3,33.9,19,2421,689,1726,660,3.287,,<1H OCEAN
-117.47,33.94,34,2086,417,1501,395,3.2311,,INLAND
-122.27,37.85,52,335,83,152,77,2.2841,,NEAR BAY
-119.29,36.32,33,2107,451,1364,442,2.2024,,INLAND
-117.94,33.66,16,2095,450,963,411,5.5,,<1H OCEAN
-122.35,37.98,34,3756,726,2237,686,3.7562,,NEAR BAY
-122.48,37.67,14,3395,1059,2258,945,2.964,,NEAR OCEAN
-121.79,37.33,10,3283,550,2491,522,6.6633,,<1H OCEAN
-117.15,33.16,5,4750,962,2726,905,3.5839,,<1H OCEAN
-118.41,34.19,45,1106,225,595,228,3.6625,,<1H OCEAN
-120.95,37.59,43,1561,354,862,332,1.8466,,INLAND
-122.01,39.21,50,1592,372,781,307,2.2679,,INLAND
-118.19,34.14,38,1826,300,793,297,5.2962,,<1H OCEAN
-116.98,32.79,32,3756,662,1611,598,3.8667,,<1H OCEAN
-118.47,34.01,44,2017,343,958,382,6.1014,,<1H OCEAN
-118.31,33.88,35,1939,412,1036,400,3.5556,,<1H OCEAN
-117.13,32.73,52,1911,415,777,412,2.2429,,NEAR OCEAN
-122.48,37.73,47,2382,392,867,376,5.2598,,NEAR OCEAN
-121.78,37.24,17,2123,341,1067,339,6.0062,,<1H OCEAN
-118.14,34.06,37,1339,258,706,238,4.7569,,<1H OCEAN
-117.09,32.64,30,3171,862,2126,800,2.507,,NEAR OCEAN
-117.67,35.64,6,2115,342,927,337,6.1935,,INLAND
-117.46,34.85,7,9759,1816,2933,1168,3.4912,,INLAND
-118.19,34.12,44,1219,324,1036,282,4.0417,,<1H OCEAN
-117.11,32.75,11,1607,478,1384,450,2.05,,NEAR OCEAN
-118.28,34.04,48,1521,513,1772,458,2.2232,,<1H OCEAN
-122.44,37.72,49,1557,405,1173,385,3.4605,,NEAR BAY
-121.96,37.34,34,1461,299,739,276,3.4375,,<1H OCEAN
-121.45,36.51,29,1045,311,1245,273,1.775,,<1H OCEAN
-118.22,33.96,42,1380,331,1290,288,2.8,,<1H OCEAN
-118.08,34,35,1188,342,1373,332,2.9107,,<1H OCEAN
-114.6,34.83,46,1497,309,787,271,2.1908,,INLAND
-121.28,38.68,14,11442,2690,6068,2435,2.6016,,INLAND
-118.44,34.01,43,1408,246,651,240,4.5795,,<1H OCEAN
-118.36,33.98,45,1559,305,891,341,4.4038,,<1H OCEAN
-117.2,32.85,26,2298,549,980,555,2.4207,,NEAR OCEAN
-118.37,34.14,21,4670,1161,1914,1094,3.7986,,<1H OCEAN
-118.35,33.91,29,2461,535,1236,482,4.8409,,<1H OCEAN
-122.32,37.69,48,592,122,340,143,5.966,,NEAR BAY
-122.07,40.95,14,2721,627,1356,468,3.0299,,INLAND
-118.13,33.93,34,2122,517,1578,488,3.1496,,<1H OCEAN
-118.3,34.03,40,1695,374,1138,357,2.7125,,<1H OCEAN
-117.96,34.48,32,1896,342,806,299,4.5769,,INLAND
-121.85,38,26,3364,570,1806,566,4.2647,,INLAND
-118.45,34.18,22,2516,826,3350,713,2.0192,,<1H OCEAN
-114.61,34.84,48,1291,248,580,211,2.1571,,INLAND
-122.03,37.31,19,2885,859,1520,784,3.375,,<1H OCEAN
-121.44,38.54,44,2570,509,1145,503,2.5694,,INLAND
-121.35,38,22,3564,730,1539,699,3.675,,INLAND
-120.6,35.6,13,4461,764,1795,640,4.475,,<1H OCEAN
-118.27,34.07,42,1175,428,1593,407,2.3438,,<1H OCEAN
-118.04,33.84,21,6623,1204,3193,1129,4.5395,,<1H OCEAN
-118.41,34.07,52,1202,142,408,138,15.0001,,<1H OCEAN
-118.67,34.27,15,3221,659,1390,607,3.5313,,<1H OCEAN
-117.24,34.13,26,3774,716,1913,620,3.3534,,INLAND
-121.8,37.35,15,2781,498,1389,475,5.614,,<1H OCEAN
-119.99,38.88,17,2807,529,675,251,2.7457,,INLAND
-118.29,33.98,48,1124,231,783,223,3.4444,,<1H OCEAN
-117.92,34.08,35,1860,323,1011,305,3.5536,,<1H OCEAN
-117.93,34.15,14,9610,2005,4723,1907,4.0393,,INLAND
-122.32,38.33,17,851,118,370,123,5.0877,,NEAR BAY
-118.44,34.5,5,1514,220,1355,215,8.1344,,INLAND
-122.49,37.76,52,1382,230,708,279,5.8096,,NEAR BAY
-121.94,36.98,21,3520,831,1486,753,3.0905,,NEAR OCEAN
-121.2,38.73,11,4897,636,1931,616,7.7499,,INLAND
-118.34,34.01,35,1359,359,655,341,2.5568,,<1H OCEAN
-117.08,34.96,28,1777,307,721,259,3.6343,,INLAND
-117.24,33.23,21,1718,308,1194,312,3.4359,,<1H OCEAN
-122.05,38.56,20,1005,168,457,157,5.679,,INLAND
-124.16,40.79,52,1264,277,591,284,1.7778,,NEAR OCEAN
-118.33,34.01,43,2227,564,956,472,2.0217,,<1H OCEAN
-117.81,33.67,8,2098,342,908,329,7.7589,,<1H OCEAN
-117.84,33.77,26,3350,581,1314,550,3.5195,,<1H OCEAN
-117.66,35.6,14,1740,391,850,317,2.5812,,INLAND
-118.22,34.08,34,1709,562,2105,503,1.9704,,<1H OCEAN
-118.46,34.17,24,2814,675,1463,620,4.1875,,<1H OCEAN
-122.27,37.85,52,1228,293,648,303,2.1202,,NEAR BAY
-122.08,37.41,20,1896,456,1069,436,4.6875,,NEAR BAY
-118.21,33.83,38,793,193,601,187,2.8837,,NEAR OCEAN
-118.34,33.9,36,1158,219,628,253,4.7426,,<1H OCEAN
-119.72,36.76,23,6403,,3573,1260,2.3006,,INLAND
-118,33.94,37,903,158,444,158,3.75,,<1H OCEAN
-121.9,37.25,28,2714,502,1389,490,5.7385,,<1H OCEAN
-118.08,34.11,42,1969,353,927,354,5.5924,,<1H OCEAN
-118.42,33.9,43,1394,321,552,296,5.9596,,<1H OCEAN
-122.78,38.52,23,2511,549,1052,527,2.4922,,<1H OCEAN
-117.2,34.13,14,3998,711,1509,665,3.4138,,INLAND
-119.72,34.44,50,3265,509,1256,443,6.3997,,<1H OCEAN
-118.38,34.15,36,2933,619,1115,579,4.3036,,<1H OCEAN
-117.83,33.8,30,4713,758,2271,730,5.8622,,<1H OCEAN
-121.82,37.35,24,2298,575,2409,569,3.4509,,<1H OCEAN
-119.57,36.7,30,2370,412,1248,410,3.1442,,INLAND
-118.59,34.25,15,9716,2387,4992,2225,3.6231,,<1H OCEAN
-117.5,34.66,20,1319,309,486,196,2.0184,,INLAND
-117.03,32.61,23,1553,216,778,229,5.1538,,NEAR OCEAN
-117.83,33.75,34,2660,601,1475,567,3.4152,,<1H OCEAN
-118.75,34.27,24,3241,461,1567,446,5.5983,,<1H OCEAN
-117.84,34.11,17,3499,621,1911,621,4.8894,,INLAND
-116.33,33.75,5,19107,3923,2880,1376,4.036,,INLAND
-118.92,34.4,23,1290,283,1060,279,3.3152,,<1H OCEAN
-118.43,34.3,28,271,61,246,62,1.7062,,<1H OCEAN
-121.9,37.29,26,1797,244,626,244,7.8575,,<1H OCEAN
-119.77,36.77,38,3065,658,1441,625,2.0564,,INLAND
-120.67,38.76,35,2104,403,1060,400,2.1682,,INLAND
-122.11,37.89,32,2372,516,1067,492,4.3235,,NEAR BAY
-121.28,38.9,31,1297,259,765,240,2.7656,,INLAND
-117.25,33.2,10,2050,473,1302,471,2.7961,,<1H OCEAN
-122.44,37.76,38,2202,452,833,435,6.8939,,NEAR BAY
-122.19,37.48,38,1300,269,608,292,4.5568,,NEAR BAY
-118.08,33.9,42,1768,372,1155,368,3.558,,<1H OCEAN
-118.32,33.79,21,6638,1634,3240,1568,3.6797,,<1H OCEAN
-122.38,41.54,14,4453,797,1817,685,2.7468,,INLAND
-118.31,34.02,41,1046,216,727,201,1.6667,,<1H OCEAN
-122.07,37.38,26,1272,306,562,284,4.5644,,NEAR BAY
-117.63,34.09,8,3557,890,2251,765,2.6818,,INLAND
-118.43,34.09,27,1613,200,497,197,7.9835,,<1H OCEAN
-122.28,37.52,27,2958,655,1285,577,4.0801,,NEAR OCEAN
-122.78,38.37,21,795,163,414,162,3.7991,,<1H OCEAN
-119.83,36.77,23,2168,503,1190,425,2.625,,INLAND
-116.35,34.13,9,1969,406,805,349,1.5491,,INLAND
-116.52,33.84,17,4465,859,853,445,3.6875,,INLAND
-120.97,38.65,9,3707,602,1601,555,4.0714,,INLAND
-122.43,37.8,52,3172,848,1259,806,4.1047,,NEAR BAY
-116.94,33.74,19,2901,445,1414,475,4.6406,,INLAND
-118.12,33.96,38,2105,348,956,350,4.4125,,<1H OCEAN
-122.42,37.73,35,1871,342,1055,310,4.625,,NEAR BAY
-119.52,36.61,33,1225,275,1065,248,1.8958,,INLAND
-116.96,32.79,35,1081,266,691,259,2.6324,,<1H OCEAN
-121.54,39.47,14,1724,315,939,302,2.4952,,INLAND
-121.13,36.2,16,1868,443,1323,436,2.9559,,<1H OCEAN
-121.41,38.58,18,6955,1882,2803,1740,3.089,,INLAND
-118.16,33.85,36,1979,339,952,339,4.0815,,<1H OCEAN
-121.43,38.57,46,2443,476,939,457,3.5893,,INLAND
-118.31,34.06,24,1336,453,1268,426,2.8202,,<1H OCEAN
-118.02,33.97,34,1903,293,887,306,6.148,,<1H OCEAN
-117.89,33.74,34,1759,353,2083,330,3.2292,,<1H OCEAN
-121.77,36.71,18,6601,1395,3562,1299,3.512,,<1H OCEAN
-118.31,33.75,34,2338,393,1031,373,6.287,,NEAR OCEAN
-120.46,34.71,17,2830,430,1035,416,4.9292,,NEAR OCEAN
-122.28,37.85,49,1130,244,607,239,2.4597,,NEAR BAY
-118.38,34.08,48,1226,288,370,264,3.9375,,<1H OCEAN
-122.7,38.45,39,2015,335,640,315,4.1734,,<1H OCEAN
-116.72,33.56,13,3166,682,1250,475,2.355,,INLAND
-119.25,34.21,12,15201,2418,7132,2251,5.6756,,NEAR OCEAN
-118.17,33.91,39,1157,273,877,305,3.1087,,<1H OCEAN
-117.93,33.86,35,931,181,516,174,5.5867,,<1H OCEAN
-121.85,37.72,43,228,40,83,42,10.3203,,INLAND
-117.51,34,36,3791,746,2258,672,3.2067,,INLAND
-117.27,34.5,8,3567,543,1133,419,5.3733,,INLAND
-118.46,34.27,28,1865,463,1182,440,2.6193,,<1H OCEAN
-120.26,38.13,17,301,94,122,47,4.0583,,INLAND
-118.44,34.27,36,1111,275,1333,266,3.5347,,<1H OCEAN
-117.21,32.85,15,2593,521,901,456,4.2065,,NEAR OCEAN
-122.86,38.62,35,2597,522,1231,499,2.7432,,<1H OCEAN
-121.79,37.33,13,2978,505,1794,485,6.6813,,<1H OCEAN
-121.03,37.63,5,2881,584,1490,570,3.0398,,INLAND
-118.33,33.88,36,1271,346,811,345,3.2417,,<1H OCEAN
-119.68,36.8,7,2855,518,1748,498,4.2066,,INLAND
-117.2,32.76,40,581,157,298,156,2.4,,NEAR OCEAN
-121.9,37.41,24,4759,921,3188,902,5.6344,,<1H OCEAN
-120.07,39.24,20,3729,614,365,152,4.962,,INLAND
-117.33,34.07,32,2086,458,1355,412,2.5238,,INLAND
-120.37,37.98,29,2508,591,1112,550,1.6021,,INLAND
-121.42,37.74,45,818,144,340,138,4.8021,,INLAND
-117.76,33.7,12,4025,574,2042,588,7.9125,,<1H OCEAN
-121.73,36.5,27,3184,520,1121,493,5.6383,,<1H OCEAN
-120,35.91,16,259,53,131,38,3.125,,INLAND
-118.42,34.19,34,2622,572,1997,573,3.338,,<1H OCEAN
-120.71,40.36,19,4462,828,2229,777,3.5536,,INLAND
-120.48,37.32,13,3641,897,1737,788,2.1418,,INLAND
-124.16,40.95,20,1075,214,529,196,3.1406,,NEAR OCEAN
-118.4,34.22,36,2557,540,1556,491,3.6591,,<1H OCEAN
-117.1,32.67,22,1690,541,1669,494,2.0213,,NEAR OCEAN
-118.28,34.08,42,1618,522,1454,440,3.1607,,<1H OCEAN
-122.28,37.89,52,1225,169,412,168,5.7912,,NEAR BAY
-117.29,34.12,40,2198,612,1517,531,1.0951,,INLAND
-118.21,33.9,41,941,233,973,253,1.9583,,<1H OCEAN
-118.01,34.08,35,1852,358,1414,347,4.275,,INLAND
-121.17,38.76,14,2028,255,781,251,6.5322,,INLAND
-118.32,34.09,34,1478,675,1976,653,2.0557,,<1H OCEAN
-122.41,37.73,33,2789,567,1682,552,3.8643,,NEAR BAY
-118.3,33.81,17,5544,1068,3008,1038,5.322,,<1H OCEAN
-122.17,37.88,32,3633,508,1393,506,7.6917,,NEAR BAY
-117.31,33,30,1631,310,665,297,6.8443,,NEAR OCEAN
-122.03,37.94,21,5541,776,2214,737,5.5777,,NEAR BAY
-117.82,33.67,15,1010,274,649,261,2.5197,,<1H OCEAN
-118.14,33.86,44,1276,234,538,213,4.8667,,<1H OCEAN
-121.87,37.38,14,3851,534,2052,478,7.0735,,<1H OCEAN
-122.51,37.76,43,2527,619,1332,558,3.0465,,NEAR OCEAN
-121.95,37.32,33,726,168,351,147,3.1458,,<1H OCEAN
-121.52,38.59,35,6418,1545,3814,1496,1.6647,,INLAND
-118.25,33.99,39,1274,319,1362,324,2.1793,,<1H OCEAN
-118.47,35.72,18,4754,1075,1366,690,2.0694,,INLAND
-122.16,37.68,16,1687,348,568,352,2.3869,,NEAR BAY
-122.07,37.57,8,8647,1407,5019,1379,6.5615,,NEAR BAY
-119.48,37,16,2904,551,1467,509,3.1736,,INLAND
-117.08,32.64,11,1651,533,947,515,1.6806,,NEAR OCEAN
-117.41,33.96,32,2837,617,1393,595,2.3798,,INLAND
-124.16,40.6,39,1322,283,642,292,2.4519,,NEAR OCEAN
-118.43,34.01,43,1487,242,675,247,5.3403,,<1H OCEAN
-117.09,32.76,29,1650,496,882,445,2.2287,,NEAR OCEAN
-122.21,38.09,37,4368,779,2083,741,3.8667,,NEAR BAY
-121.67,39.26,29,3041,683,2106,687,1.6315,,INLAND
-121.7,36.48,19,2150,479,1052,428,3.5039,,<1H OCEAN
-124.09,40.88,50,921,187,420,187,2.2188,,NEAR OCEAN
-122.13,37.72,26,2862,394,1030,397,7.912,,NEAR BAY
-117.98,34.08,17,3640,830,3537,807,3.4784,,INLAND
-118.09,34.06,38,3230,840,3485,827,2.629,,<1H OCEAN
-120.48,37.31,42,2361,512,1684,511,2.355,,INLAND
-122.44,37.8,52,3161,472,842,410,7.9761,,NEAR BAY
-122.56,41.53,29,1729,355,848,328,2.2024,,INLAND
-117.66,33.51,18,2626,,1302,522,4.0167,,<1H OCEAN
-116.99,32.76,21,3833,595,1645,589,4.625,,<1H OCEAN
-118.13,33.82,44,1785,307,779,291,4.3056,,<1H OCEAN
-118.28,33.93,45,529,112,448,120,3.5833,,<1H OCEAN
-117.94,33.82,24,4735,955,2600,868,5.0764,,<1H OCEAN
-117.19,32.77,16,3273,670,1305,671,4.1368,,NEAR OCEAN
-121.29,38.01,2,6403,1116,3327,957,4.4871,,INLAND
-117.86,33.75,5,187,49,207,51,1.8,,<1H OCEAN
-122.98,38.44,29,4450,939,1328,590,3.1,,<1H OCEAN
-120.54,38.75,9,3006,540,1102,418,3.9812,,INLAND
-118.08,33.81,21,1189,281,577,264,3.3155,,<1H OCEAN
-122.28,37.8,38,684,176,344,155,2.0114,,NEAR BAY
-118.22,33.81,38,1486,359,1345,326,3.3988,,NEAR OCEAN
-121.32,36.43,22,2927,637,2546,618,2.7153,,<1H OCEAN
-117.98,34.02,32,2945,651,2044,652,3.1979,,<1H OCEAN
-121.45,38.57,52,2006,412,825,384,3.2963,,INLAND
-118.95,35.37,34,1672,359,1059,349,2.1588,,INLAND
-117.55,33.9,21,1839,324,871,307,3.4459,,INLAND
-121.54,38.58,30,4648,1252,2524,1089,1.3177,,INLAND
-118.2,33.8,42,4577,1146,2749,1094,2.5012,,NEAR OCEAN
-118.51,34.28,29,4239,653,1890,631,6.3911,,<1H OCEAN
-122.19,37.76,38,1493,370,1144,351,0.7683,,NEAR BAY
-118.36,34.04,49,995,184,462,194,2.7917,,<1H OCEAN
-117.98,33.7,16,5127,631,2142,596,7.8195,,<1H OCEAN
-117.97,33.82,26,2335,504,1121,502,2.9891,,<1H OCEAN
-118.43,34.04,52,2425,435,962,412,5.8587,,<1H OCEAN
-118.36,34.21,41,337,65,198,50,1.8929,,<1H OCEAN
-122.32,37.95,35,1612,354,887,331,2.5769,,NEAR BAY
-118.03,33.71,26,1483,251,738,235,6,,<1H OCEAN
-117.11,33.14,10,3208,636,1395,582,3.4455,,<1H OCEAN
-117.89,33.99,22,3272,618,1784,591,4.0324,,<1H OCEAN
-118.14,33.91,37,932,171,578,175,4.375,,<1H OCEAN
-117.65,35,36,1184,316,672,241,1.9107,,INLAND
-118.14,34.09,38,1745,457,1547,460,2.85,,<1H OCEAN
-118.26,34.13,37,196,74,194,68,1.2188,,<1H OCEAN
-117.85,33.84,17,2830,502,1370,459,5.1785,,<1H OCEAN
-117.93,33.76,17,3341,803,3381,825,3.371,,<1H OCEAN
-122.33,37.58,43,1772,422,1573,401,2.7474,,NEAR OCEAN
-118.35,33.91,28,2108,534,1485,536,4.0775,,<1H OCEAN
-120.87,37.07,26,2036,401,1343,414,3.6331,,INLAND
-117.95,34.07,37,1375,260,951,272,3.2083,,<1H OCEAN
-117.55,33.95,17,3196,444,1581,462,5.9333,,INLAND
-118.06,33.99,46,1203,219,637,211,3.3611,,<1H OCEAN
-121.46,38.63,26,3185,658,2444,626,1.56,,INLAND
-121.95,37.21,20,2345,322,890,276,10.0187,,<1H OCEAN
-120.04,36.96,23,2126,506,2091,491,1.3713,,INLAND
-121.69,36.81,18,2837,522,1454,458,4.5272,,<1H OCEAN
-122.18,37.78,43,1985,440,1085,407,3.4205,,NEAR BAY
-117.31,33.1,15,2392,446,747,421,3.5341,,NEAR OCEAN
-122.63,38.21,22,2933,461,1283,449,6.2034,,<1H OCEAN
-118.71,34.27,26,990,223,719,232,3.163,,<1H OCEAN
-118.29,33.99,46,2608,636,1766,596,1.5846,,<1H OCEAN
-118.87,34.21,26,4439,616,1881,592,6.2935,,<1H OCEAN
-118.21,33.79,44,121,29,153,30,2.1964,,NEAR OCEAN
-117.38,34.08,11,5684,1139,3095,1036,3.6875,,INLAND
-120.81,38.67,14,8396,1578,3952,1474,3.0565,,INLAND
-122.22,37.78,50,1776,473,1807,440,1.7276,,NEAR BAY
-118.29,33.72,25,2469,584,1253,535,3.1932,,NEAR OCEAN
-118.42,34.02,34,2243,444,973,413,4.9676,,<1H OCEAN
-117.79,33.84,9,10484,1603,4005,1419,8.3931,,<1H OCEAN
-117.53,34.02,19,256,34,101,28,5.3269,,INLAND
-122.02,37.59,18,1165,333,855,319,3.6923,,NEAR BAY
-122.44,37.76,52,2509,496,855,478,5.0731,,NEAR BAY
-120.46,34.64,16,686,217,614,200,0.8106,,NEAR OCEAN
-121.12,39.2,9,1431,254,681,221,3.045,,INLAND
-118.2,33.79,48,2105,592,1807,539,2.7183,,NEAR OCEAN
-118.77,34.27,7,3074,794,1816,654,2.7137,,<1H OCEAN
-122.25,37.83,35,1613,428,675,422,3.4722,,NEAR BAY
-117.23,32.74,16,1953,404,798,385,4.8167,,NEAR OCEAN
-118.35,34.22,19,9259,1653,3963,1595,5.997,,<1H OCEAN
-122.04,36.95,27,1987,374,961,343,3.9667,,NEAR OCEAN
-117.99,34.15,44,2492,611,1951,596,3.1304,,INLAND
-118.46,35.13,19,3109,640,1457,620,2.6417,,INLAND
-118.36,34.1,36,2963,838,1129,745,2.5588,,<1H OCEAN
-119.17,34.29,18,3932,724,1896,680,5.2953,,NEAR OCEAN
-117.83,33.66,15,2355,438,747,450,6.5356,,<1H OCEAN
-118.03,33.77,24,3810,579,1818,590,5.8053,,<1H OCEAN
-121.93,37.72,26,2806,459,1453,444,4.9107,,<1H OCEAN
-116.98,32.74,24,977,147,454,169,4.9286,,<1H OCEAN
-117.15,32.78,25,1577,266,611,284,5.25,,NEAR OCEAN
-118.1,34.1,34,2578,645,1628,617,2.34,,<1H OCEAN
-119.23,35.77,36,3225,635,2034,593,2.4044,,INLAND
-122.22,37.46,13,2888,546,1182,504,6.0255,,NEAR OCEAN
-118.85,34.04,21,3837,578,1509,509,8.4476,,NEAR OCEAN
-121.93,37.13,37,1150,203,511,179,5.7415,,<1H OCEAN
-118.27,34.08,43,962,253,658,244,3.2386,,<1H OCEAN
-118.38,34.27,8,3248,847,2608,731,2.8214,,<1H OCEAN
-122.02,37.6,31,2155,522,1858,437,2.652,,NEAR BAY
-121.83,37.31,19,11181,1895,7817,1853,5.6058,,<1H OCEAN
-118.38,34.04,39,2614,569,1665,553,3.4063,,<1H OCEAN
-117.93,34.08,36,1371,246,806,241,4.5078,,<1H OCEAN
-118.54,34.22,34,2193,513,1299,497,3.6187,,<1H OCEAN
-117.19,34.05,33,3007,498,1252,488,3.8816,,INLAND
-117.84,33.74,25,1818,577,1426,532,3.2104,,<1H OCEAN
-117.24,32.79,25,2135,691,566,320,2.6902,,NEAR OCEAN
-122.29,37.89,52,3171,698,1498,696,3.1795,,NEAR BAY
-117.04,34.04,30,3474,735,1674,691,2.5863,,INLAND
-117.65,34.13,24,2121,296,913,302,5.9328,,INLAND
-118.48,34.16,30,3507,536,1427,525,6.7082,,<1H OCEAN
-117.9,34.11,23,4776,1316,4797,1187,2.1667,,<1H OCEAN
-117.95,33.77,38,1476,308,1114,309,4.1917,,<1H OCEAN
-122.09,37.67,39,2069,500,1408,478,3.1115,,NEAR BAY
-118.11,33.83,36,1820,313,899,295,4.918,,<1H OCEAN
-118.11,33.81,37,1694,280,776,271,6.2187,,<1H OCEAN
-121.99,37.92,14,1780,224,764,226,9.0243,,INLAND
-118.16,33.97,39,1444,447,1890,416,2.1181,,<1H OCEAN
-121.64,37.85,22,1999,415,967,320,4.4583,,INLAND
-117.93,33.93,37,1128,273,931,234,2.8,,<1H OCEAN
-117.3,34.46,8,6246,1273,3883,1264,2.7917,,INLAND
-117.9,33.73,30,746,172,1048,163,4.1,,<1H OCEAN
-122.55,38,18,3119,803,1395,722,3.9265,,NEAR BAY
-118.18,33.78,17,1419,436,1300,360,2.0769,,NEAR OCEAN
-119.29,36.12,24,1248,226,641,200,2.4722,,INLAND
-118.45,35.62,18,2304,527,782,390,1.4141,,INLAND
-122.32,38.06,4,7999,1611,3596,1396,5.0969,,NEAR BAY
-119.83,36.37,25,1549,269,819,272,2.7159,,INLAND
-122.42,37.74,52,1674,346,734,335,3.8864,,NEAR BAY
-123.18,39.23,18,243,55,115,54,2.125,,<1H OCEAN
-121.29,38.68,20,1881,378,921,360,1.8589,,INLAND
-117.25,32.81,39,1846,350,765,329,3.9187,,NEAR OCEAN
-119.66,34.44,26,2790,413,1014,397,6.5631,,<1H OCEAN
-122.07,37.52,3,14014,2861,7205,2753,6.0824,,NEAR BAY
-120.66,35.46,17,3748,609,1860,612,4.5179,,<1H OCEAN
-118.33,34.05,44,1574,390,1323,404,2.5284,,<1H OCEAN
-121.39,38.64,33,1503,282,652,229,3.6937,,INLAND
-118.25,34.07,16,719,225,801,218,2.3942,,<1H OCEAN
-117.04,32.8,25,2504,345,1067,350,5.7416,,<1H OCEAN
-117.17,34.05,29,4007,700,1576,696,3.1801,,INLAND
-121.89,37.21,14,5636,697,2281,680,8.4262,,<1H OCEAN
-118,33.85,34,1078,205,575,206,4.5083,,<1H OCEAN
-117.32,34.06,52,802,160,564,131,2.1591,,INLAND
-121.34,38.03,20,4213,751,2071,714,4.4063,,INLAND
-117.7,33.57,9,1204,355,469,293,3.6196,,<1H OCEAN
-122.33,38.39,36,831,122,272,109,6.3427,,INLAND
-118.18,33.89,25,5896,1464,4149,1362,2.6742,,<1H OCEAN
-117.05,32.77,33,3535,683,1568,672,2.8097,,NEAR OCEAN
-118.01,34.05,37,682,172,813,173,3.8125,,<1H OCEAN
-123.16,39.13,33,1320,303,1048,303,1.7813,,<1H OCEAN
-121.27,38.02,32,342,58,138,52,2.9821,,INLAND
-119.86,34.41,24,1576,580,1630,531,1.24,,NEAR OCEAN
-118.18,33.87,44,2137,461,1126,439,3.4408,,<1H OCEAN
-117.96,33.85,35,1175,191,568,186,4.125,,<1H OCEAN
-118.49,34.04,50,2597,340,964,339,13.3036,,<1H OCEAN
-122.26,37.88,52,2604,837,1798,769,1.725,,NEAR BAY
-122.44,37.78,52,2695,657,1243,573,2.8569,,NEAR BAY
-121.81,37.25,5,1975,520,861,440,4.4565,,<1H OCEAN
-119.72,34.44,43,1781,342,663,358,4.7,,<1H OCEAN
-118.2,34.07,34,1765,551,2203,500,2.2708,,<1H OCEAN
-118.09,33.89,42,991,,717,219,4.0926,,<1H OCEAN
-115.91,33.36,15,459,95,160,73,0.922,,INLAND
-118.14,33.86,36,1703,325,845,308,5.0106,,<1H OCEAN
-117.97,33.93,31,1975,373,918,347,4.4107,,<1H OCEAN
-118.39,34.19,23,1875,710,2555,657,2.0968,,<1H OCEAN
-122.05,37.9,32,4498,862,1818,851,4.8088,,NEAR BAY
-122.25,37.83,28,5022,1750,2558,1661,2.4234,,NEAR BAY
-117.98,34.02,33,3512,632,1971,598,4.4653,,<1H OCEAN
-121.72,37.7,17,1671,352,729,252,6.1023,,INLAND
-117.99,33.8,25,3179,639,2526,623,3.3281,,<1H OCEAN
-117.92,34.1,35,2994,603,1933,561,4.0052,,<1H OCEAN
-118,33.85,33,2053,418,1154,405,4.0455,,<1H OCEAN
-118.12,34.69,17,2479,390,1219,363,4.6417,,INLAND
-118.2,34.05,40,1146,323,1354,321,1.9205,,<1H OCEAN
-122.27,37.81,40,880,451,582,380,0.977,,NEAR BAY
-121.3,38.03,11,2866,654,1404,525,2.505,,INLAND
-117.87,33.74,31,2338,652,3289,631,2.6734,,<1H OCEAN
-118.44,34.02,39,3278,632,1321,617,6.2917,,<1H OCEAN
-121.7,37.91,17,1962,291,825,267,4.8958,,INLAND
-117.9,33.85,31,3413,764,2326,728,4.325,,<1H OCEAN
-121.27,37.87,34,1010,206,678,234,2.9531,,INLAND
-118.31,33.96,47,2005,392,1134,415,3.7143,,<1H OCEAN
-118.28,34.1,49,2843,880,2004,796,2.7875,,<1H OCEAN
-122.32,37.97,33,1156,190,643,209,4.5,,NEAR BAY
-117.2,33.07,5,10394,1617,4496,1553,5.9289,,NEAR OCEAN
-121.43,37.75,41,1717,325,855,303,2.75,,INLAND
-118.29,34.11,24,3696,1125,1685,1031,2.3789,,<1H OCEAN
-119.85,36.97,13,2872,477,1607,481,4.475,,INLAND
-117.1,32.83,16,1049,154,467,160,6.2047,,<1H OCEAN
-117.3,34.13,42,2115,557,1532,494,1.4531,,INLAND
-118.37,34.21,33,2034,470,1990,423,3.7455,,<1H OCEAN
-121.83,36.98,19,4431,705,1764,679,4.3321,,<1H OCEAN
-121.96,39.3,39,701,130,271,89,2.1845,,INLAND
-118.3,34.03,37,2781,766,2586,729,1.8564,,<1H OCEAN
-118.3,34.05,44,1612,650,2028,593,1.9152,,<1H OCEAN
-118.01,34.09,29,3402,747,2331,690,3.6094,,INLAND
-117.06,33.01,24,2618,485,726,443,3.5192,,<1H OCEAN
-122.53,37.88,36,2688,485,1064,449,4.4583,,NEAR BAY
-121.8,37.27,10,3301,593,2190,575,6.223,,<1H OCEAN
-121.24,38.68,20,1402,236,676,236,3.7426,,INLAND
-117.95,34,34,2376,468,1858,449,4.1328,,<1H OCEAN
-118.23,34.07,40,506,119,397,114,3.1944,,<1H OCEAN
-117.89,33.87,32,1569,422,835,386,3.0465,,<1H OCEAN
-117.22,32.85,26,1647,261,694,259,4.6875,,NEAR OCEAN
-121.63,36.65,44,309,121,315,80,1.6071,,<1H OCEAN
-117.95,33.71,20,2781,407,1242,408,6.1092,,<1H OCEAN
-117.04,32.71,28,5274,991,3727,961,3.57,,NEAR OCEAN
-117.04,32.7,7,9311,1703,7302,1694,4.419,,NEAR OCEAN
-118.26,34.07,52,1802,613,2382,587,1.8438,,<1H OCEAN
-118.13,34.17,49,1962,435,1329,457,3.2898,,<1H OCEAN
-116.97,32.79,19,4108,1101,2971,1006,1.9893,,<1H OCEAN
-119.55,36.51,46,55,11,26,5,4.125,,INLAND
-120.92,37.65,23,505,124,163,129,1.3696,,INLAND
-120.8,38.51,23,1001,195,369,157,3.125,,INLAND
-121.83,38,15,6365,1646,3838,1458,2.5495,,INLAND
-122.42,37.93,47,3453,779,1353,728,4.016,,NEAR BAY
-118.85,34.25,17,5593,732,1992,660,7.2965,,<1H OCEAN
-122.36,37.94,45,907,188,479,161,3.0862,,NEAR BAY
-118.32,33.33,52,2127,512,733,288,3.3906,,ISLAND
-117.06,32.73,33,3444,619,1884,582,3.7891,,NEAR OCEAN
-118.97,37.64,13,1907,544,575,234,3.0685,,INLAND
-117.27,34.12,52,954,246,943,256,0.8658,,INLAND
-120.55,37.32,21,1410,229,590,205,3.3194,,INLAND
-122.46,37.66,15,6082,1284,3861,1198,5.4221,,NEAR OCEAN
-122.15,38.29,17,1625,239,703,224,6.5891,,NEAR BAY
-122.57,38.27,7,6508,1028,2902,1010,5.3707,,<1H OCEAN
-122.48,37.73,52,1597,240,566,231,5.1681,,NEAR OCEAN
-117.97,33.66,14,6090,1338,1974,1248,2.8061,,<1H OCEAN
-122.74,38.48,12,4174,670,1882,647,4.551,,<1H OCEAN
-119.88,36.81,30,2288,474,1435,425,1.3221,,INLAND
-117.74,34.05,29,2452,700,3029,665,2.1354,,INLAND
-117.13,32.79,35,1458,262,723,257,4.2098,,NEAR OCEAN
-122.06,37.65,33,1227,286,848,291,3.8036,,NEAR BAY
-118.3,33.99,47,2212,533,1903,554,1.9853,,<1H OCEAN
-118.06,35.68,15,1962,403,730,321,2.25,,INLAND
-118.15,34,32,3218,739,2368,730,3.1406,,<1H OCEAN
-117.01,34.01,15,5592,891,2419,840,4.7193,,INLAND
-118.26,33.79,30,1291,230,835,215,5.5,,<1H OCEAN
-121.97,37.24,35,2553,533,1117,498,4.4063,,<1H OCEAN
-121.34,38.57,14,5737,1008,2731,983,4.4602,,INLAND
-117.99,33.85,35,1661,272,949,276,5.2548,,<1H OCEAN
-118.15,34.86,10,4597,1009,2227,821,2.6149,,INLAND
-117.2,32.86,4,4308,1095,1923,932,3.9356,,NEAR OCEAN
-118.3,34.01,52,1444,343,1154,334,2.0625,,<1H OCEAN
-117.98,33.79,35,2356,478,1659,480,4.1115,,<1H OCEAN
-122.13,37.47,25,1630,353,1546,371,5.0893,,NEAR BAY
-118.2,33.94,42,618,163,680,179,3.3472,,<1H OCEAN
-117.81,33.71,16,2666,387,1227,347,7.3769,,<1H OCEAN
-116.98,32.74,17,3943,843,1995,766,2.6944,,<1H OCEAN
-118.88,34.22,22,3654,517,1565,518,6.2748,,<1H OCEAN
-117.92,34.03,32,1819,375,1728,375,3.975,,<1H OCEAN
-123.17,39.15,30,1904,331,816,325,4.425,,<1H OCEAN
-123.76,41.03,24,2386,565,1058,414,2.0644,,<1H OCEAN
-122.44,37.73,46,3581,758,1670,703,4.1932,,NEAR BAY
-120.43,34.93,10,2980,585,1593,562,3.285,,<1H OCEAN
-122.42,37.64,41,98,20,68,19,2.225,,NEAR OCEAN
-117.98,34.14,27,6341,1289,2899,1192,3.6336,,INLAND
-122.3,37.91,40,2866,617,1305,589,3.6321,,NEAR BAY
-118.32,33.8,29,4317,1037,2102,959,3.1275,,<1H OCEAN
-118.6,34.15,28,4570,744,1693,695,6.14,,<1H OCEAN
-117.87,33.87,7,2663,642,1367,677,4.6563,,<1H OCEAN
-117.98,33.92,27,3700,,1793,552,5.3668,,<1H OCEAN
-118.12,34.16,30,1762,416,940,398,2.8631,,<1H OCEAN
-119.87,36.54,34,1370,287,818,269,2.4044,,INLAND
-119.2,34.26,25,2203,367,1194,377,5.4087,,NEAR OCEAN
-117.63,33.47,4,2320,405,1408,477,6.3369,,NEAR OCEAN
-118.28,34,46,1650,463,1992,458,2.3403,,<1H OCEAN
-119.29,36.54,18,2581,628,2732,592,1.8429,,INLAND
-121.92,36.55,37,2190,419,490,300,3.7852,,NEAR OCEAN
-118.44,34.16,35,3080,642,1362,623,4.1218,,<1H OCEAN
-122.26,37.84,52,696,191,345,174,2.6736,,NEAR BAY
-119.76,36.79,26,3654,837,1976,830,2.1544,,INLAND
-119.73,36.73,9,1621,428,678,394,2.2437,,INLAND
-118.99,35.3,33,2248,434,1461,405,2.9402,,INLAND
-118.2,34.02,49,1098,317,1411,301,2.75,,<1H OCEAN
-118.47,34.05,25,2689,719,1229,663,3.5909,,<1H OCEAN
-117.77,33.7,15,1392,267,681,263,5.4248,,<1H OCEAN
-117.93,33.83,30,1561,381,1104,391,3.375,,<1H OCEAN
-122.47,37.78,52,2635,587,1302,577,3.7292,,NEAR BAY
-118.21,33.79,33,32,18,96,36,4.5938,,NEAR OCEAN
-117.24,32.95,18,1591,268,547,243,5.9547,,NEAR OCEAN
-122.71,38.44,27,966,251,462,230,1.7,,<1H OCEAN
-117.72,33.62,19,5777,1261,1711,1225,2.7634,,<1H OCEAN
-118.08,34.13,35,1897,279,733,291,7.4185,,INLAND
-121.23,37.84,28,1347,241,713,225,4.0208,,INLAND
-117.53,33.88,22,2855,667,2453,624,3.1312,,INLAND
-122.02,37.88,16,3031,438,1087,421,7.3732,,NEAR BAY
-119.14,34.17,16,1593,353,836,357,2.726,,NEAR OCEAN
-118.15,34.04,33,818,195,664,198,2.1944,,<1H OCEAN
-119.79,36.79,19,1524,448,960,386,1.5122,,INLAND
-122.05,37.63,5,3785,936,2240,792,3.2829,,NEAR BAY
-121.32,38.62,29,2430,448,1087,394,3.0864,,INLAND
-121.82,38.01,47,1265,254,587,247,2.6364,,INLAND
-122.26,38.03,25,2239,361,928,353,4.4474,,NEAR BAY
-118,33.75,26,1382,387,1977,368,2.7589,,<1H OCEAN
-116.96,32.79,17,5236,1325,3308,1233,2.3221,,<1H OCEAN
-121.92,37.73,24,1407,327,501,295,2.4821,,<1H OCEAN
-119.08,35.42,10,4159,608,2089,591,5.5261,,INLAND
-117.29,34.13,44,2337,563,1238,467,1.5156,,INLAND
-118.08,33.99,38,1683,328,1369,339,3.6196,,<1H OCEAN
-121.68,39.82,15,3996,748,1786,728,3.5189,,INLAND
-118.84,34.16,18,6075,1056,2571,1018,5.22,,<1H OCEAN
-117.05,34.04,23,3967,766,1518,698,2.29,,INLAND
-117.86,34.24,52,803,267,628,225,4.1932,,INLAND
-117.93,33.94,28,3664,719,1820,657,4.225,,<1H OCEAN
-117.21,32.81,27,1318,216,495,191,5.2837,,NEAR OCEAN
-117.29,35.54,35,7922,1636,3431,1329,3.4145,,INLAND
-116.88,33.93,37,1495,429,865,342,1.2188,,INLAND
-118.14,33.95,42,1413,228,630,219,6.8564,,<1H OCEAN
-118.4,33.99,36,1280,240,704,217,5.9632,,<1H OCEAN
-117.17,34.28,13,4867,718,780,250,7.1997,,INLAND
-122.13,37.44,38,2835,447,1148,446,5.9277,,NEAR BAY
-119.03,34.23,21,3284,487,1832,521,5.2773,,<1H OCEAN
-117.98,34.03,21,797,162,484,166,2.625,,<1H OCEAN
-117.9,33.9,18,3821,576,1430,568,6.9399,,<1H OCEAN
-117.86,33.75,13,1632,598,3356,659,1.5054,,<1H OCEAN
-118.43,34.01,27,3133,1021,2242,1002,2.697,,<1H OCEAN
-122.31,38.01,18,4123,874,1895,772,3.2759,,NEAR BAY
-118.31,33.93,42,1173,201,602,186,5.5787,,<1H OCEAN
-121.94,37.73,22,6719,1068,2843,994,6.1265,,<1H OCEAN
-118.19,33.95,42,1651,463,1559,436,2.3882,,<1H OCEAN
-117.76,33.72,11,4508,618,1993,573,10.4498,,<1H OCEAN
-122,37.99,28,4035,641,1881,659,5.4607,,INLAND
-122.42,37.75,52,2163,607,1447,546,3.3555,,NEAR BAY
-117.34,34.08,35,1380,248,730,264,3.2305,,INLAND
-122.06,37.99,17,1319,316,384,269,1.8229,,NEAR BAY
-122.12,37.81,26,4048,513,1486,498,7.6717,,NEAR BAY
-117.14,32.74,16,6075,1816,2592,1634,2.5553,,NEAR OCEAN
-122.07,38,37,978,202,462,184,3.625,,NEAR BAY
-122.35,40.57,18,2226,490,859,451,1.6821,,INLAND
-121.37,38.69,35,1093,192,590,190,2.7009,,INLAND
-120.19,36.6,25,875,214,931,214,1.5536,,INLAND
-121.28,38.03,11,826,150,684,166,3.9265,,INLAND
-117.82,33.81,25,2662,402,1247,401,5.4395,,<1H OCEAN
-118.41,34.01,26,2503,449,1218,426,5.3683,,<1H OCEAN
-122.3,37.97,35,1811,377,911,340,3.375,,NEAR BAY
-120.87,37.76,16,1174,249,601,242,1.7143,,INLAND
-115.73,33.09,27,452,103,258,61,2.9,,INLAND
-121.22,37.79,38,2152,451,1320,457,2.5025,,INLAND
-121.94,37.26,43,2104,388,1137,403,4.9236,,<1H OCEAN
-118.32,34.07,52,2156,306,861,311,8.8062,,<1H OCEAN
-118.43,33.96,38,1104,216,415,163,6.1985,,<1H OCEAN
-117.19,32.75,52,1388,213,513,211,6.1309,,NEAR OCEAN
-117.11,32.95,11,4694,824,2223,783,4.9485,,<1H OCEAN
-118.11,34.04,28,3913,696,2264,697,5.2446,,<1H OCEAN
-116.44,33.77,18,4872,1110,955,656,2.2439,,INLAND
-117.31,34.17,25,2795,596,1650,569,3.0078,,INLAND
-117.14,32.8,35,1267,212,710,204,2.5368,,NEAR OCEAN
-122.13,37.7,43,3046,557,1333,544,3.4583,,NEAR BAY
-122.48,38.31,29,2375,560,1124,502,2.3276,,<1H OCEAN
-118.37,33.88,44,1325,245,669,253,4.4211,,<1H OCEAN
-121.45,38.64,23,1481,343,1079,315,1.867,,INLAND
-118.05,33.65,5,7017,935,2427,867,10.1154,,NEAR OCEAN
-118.49,34.31,25,1024,145,357,147,7.0598,,<1H OCEAN
-118.27,34.24,30,2180,369,1050,390,6.3688,,<1H OCEAN
-124.07,40.87,47,1765,326,796,333,2.2138,,NEAR OCEAN
-116.91,34.24,23,6379,1636,1350,568,1.6336,,INLAND
-117.29,33.72,19,2248,427,1207,368,2.817,,<1H OCEAN
-116.94,32.81,8,2517,632,1686,613,2.136,,<1H OCEAN
-119.78,36.76,50,1343,322,1063,342,1.75,,INLAND
-122.05,38,16,1085,217,356,232,2.3462,,NEAR BAY
-122.24,37.49,30,2956,590,1191,594,3.7463,,NEAR OCEAN
-121.46,38.54,39,1453,324,843,281,1.7692,,INLAND
-122.14,37.67,37,3156,534,1495,543,4.8125,,NEAR BAY
-118.29,34.18,10,4292,1075,2719,987,3.6974,,<1H OCEAN
-122.04,37.96,27,2587,729,1500,623,1.837,,NEAR BAY
-121.3,37.97,52,2259,417,766,385,2.2981,,INLAND
-118.39,33.92,41,80,20,61,23,5.25,,<1H OCEAN
-121.58,39.14,52,662,160,520,149,0.8928,,INLAND
-119.75,36.71,38,1481,,1543,372,1.4577,,INLAND
-118.36,33.98,29,2861,816,1715,775,2.7712,,<1H OCEAN
-118.32,33.88,34,1803,341,947,333,5.5538,,<1H OCEAN
-122.18,37.73,42,909,215,646,198,2.9063,,NEAR BAY
-122.64,38.87,16,1177,240,519,199,1.5739,,INLAND
-120.72,38.42,17,5654,1085,2237,953,3.0465,,INLAND
-118.2,33.77,24,2404,819,1566,753,1.5076,,NEAR OCEAN
-118.43,34.2,28,3386,,2240,737,3.0221,,<1H OCEAN
-122.74,38.44,23,2819,612,1644,546,2.6576,,<1H OCEAN
-118.12,33.91,35,620,122,381,124,3.7917,,<1H OCEAN
-118.03,33.95,37,1772,321,934,326,4.1471,,<1H OCEAN
-122.76,38.46,14,4794,767,2252,768,4.2061,,<1H OCEAN
-121.83,37.28,33,1115,250,1168,261,3.9009,,<1H OCEAN
-121.96,37.35,32,1484,274,673,272,5.2019,,<1H OCEAN
-121.35,38.28,17,2756,557,1986,530,3.2234,,INLAND
-118.18,33.82,43,2210,469,1042,418,3.5,,NEAR OCEAN
-117.31,34.44,10,1731,299,1056,312,3.6007,,INLAND
-119.79,34.43,26,3611,563,2089,540,5.1615,,NEAR OCEAN
-117.59,34.13,10,20263,3915,9716,3744,3.8505,,INLAND
-117.89,34.09,35,1205,330,583,319,2.3971,,<1H OCEAN
-118.27,34.14,10,1060,332,1025,288,3.0074,,<1H OCEAN
-116.98,34.07,21,739,125,199,82,4.8958,,INLAND
-118.35,34.08,52,2877,721,1186,704,3.2645,,<1H OCEAN
-118.03,33.96,37,1180,256,614,242,3.117,,<1H OCEAN
-121.34,38.05,16,667,92,267,90,5.6147,,INLAND
-117.93,34.08,36,1597,285,901,272,4.3947,,<1H OCEAN
-116.87,33.57,12,1153,265,446,195,3.038,,INLAND
-122.29,37.81,46,12,4,18,7,0.4999,,NEAR BAY
-118.55,34.27,25,4919,661,2183,625,8.1356,,<1H OCEAN
-117.65,34.11,28,2788,370,1140,385,5.3368,,INLAND
-118.25,34.14,13,3487,1131,3749,1072,2.1602,,<1H OCEAN
-118.42,34.21,29,2893,543,1636,540,5.1586,,<1H OCEAN
-117.31,33.16,17,1704,263,781,281,5.6605,,NEAR OCEAN
-117.18,33.15,7,6225,1683,5410,1580,2.32,,<1H OCEAN
-117.33,34.12,33,933,219,838,211,1.3417,,INLAND
-118.24,34.22,36,2507,517,1232,470,5.529,,<1H OCEAN
-117.66,34.12,22,2272,278,933,305,8.8204,,INLAND
-122.46,37.78,52,2051,552,1400,510,3.2396,,NEAR BAY
-122.33,37.97,45,1982,376,1179,398,3.5463,,NEAR BAY
-117.85,33.77,16,2186,511,908,466,4.575,,<1H OCEAN
-118.13,33.86,45,1866,343,919,344,3.5833,,<1H OCEAN
-118.42,34.18,30,1323,353,856,333,3.3594,,<1H OCEAN
-121.52,38.9,32,1650,313,802,284,2.9048,,INLAND
-118.86,34.19,29,1326,185,586,187,6.5474,,<1H OCEAN
-122.28,37.49,29,4148,635,1638,627,6.912,,NEAR OCEAN
-121.25,38.64,21,2764,363,902,360,5.6864,,INLAND
-120.98,37.64,39,2617,659,2052,642,1.6952,,INLAND
-118.31,34.26,37,1444,246,624,239,5.76,,<1H OCEAN
-121.83,37.34,26,1848,339,1952,327,4.087,,<1H OCEAN
-121.37,38.57,16,3895,896,1762,855,2.6635,,INLAND
-121.63,37.12,17,1830,398,1110,388,2.4821,,<1H OCEAN
-117.89,33.77,29,2577,445,1849,470,4.4732,,<1H OCEAN
-118.24,34.15,7,2063,670,1892,643,1.7301,,<1H OCEAN
-122.06,37.96,37,1784,313,788,304,4.2917,,NEAR BAY
-119.85,36.76,10,2067,450,845,354,1.8214,,INLAND
-118.09,34.01,36,1465,363,1538,342,3.5469,,<1H OCEAN
-123.73,39.17,20,4620,1042,1745,794,2.375,,NEAR OCEAN
-121.4,36.84,40,2352,536,1430,535,3.0912,,INLAND
-118.21,33.8,41,1251,279,1053,278,3.2778,,NEAR OCEAN
-119.62,36.56,30,1722,372,1467,403,1.8878,,INLAND
-117.04,32.68,14,1320,270,943,260,5.0947,,NEAR OCEAN
-122.1,37.65,25,2538,494,1185,501,4.5417,,NEAR BAY
-119.35,36.33,14,1195,220,568,229,3.1486,,INLAND
-118.31,34.04,29,2038,578,2070,570,2.0658,,<1H OCEAN
-121.5,38.52,37,2008,466,1261,427,2.2574,,INLAND
-118,34.13,35,1005,224,742,221,3.5481,,INLAND
-118.35,33.91,19,1949,559,1282,498,2.7813,,<1H OCEAN
-118.98,35.37,36,1562,398,1223,329,0.9675,,INLAND
-118.19,33.97,30,1790,556,1827,520,1.7562,,<1H OCEAN
-121.65,39.16,16,5022,1103,2087,956,2.3963,,INLAND
-119.81,36.6,24,2246,462,1291,394,2.4006,,INLAND
-118.02,34.15,44,2419,437,1045,432,3.875,,INLAND
-118.09,34.7,6,4558,804,1543,563,2.8548,,INLAND
-118.42,34.27,37,1024,246,1371,239,3.225,,<1H OCEAN
-124.17,40.77,30,1895,366,990,359,2.2227,,NEAR OCEAN
-118.12,33.95,35,1604,280,802,280,5.752,,<1H OCEAN
-116.53,33.78,18,2547,463,411,214,2.5489,,INLAND
-120.99,39.22,16,1497,275,737,243,2.8942,,INLAND
-116.47,34.07,22,5473,1234,2581,1098,1.9375,,INLAND
-122.28,37.82,52,1170,235,701,233,1.6098,,NEAR BAY
-118.47,35.64,17,2248,535,927,427,1.3023,,INLAND
-118.26,33.97,46,1086,249,880,250,1.5962,,<1H OCEAN
-117.2,32.78,38,2662,498,1132,496,4.0057,,NEAR OCEAN
-122.22,38.08,37,4590,857,2920,832,3.436,,NEAR BAY
-117.86,33.84,19,1725,392,920,400,3.0087,,<1H OCEAN
-118.28,34.01,46,441,167,621,144,1.8824,,<1H OCEAN
-121.46,37.73,20,2039,373,862,330,5.1629,,INLAND
-118.56,34.18,39,1819,291,770,278,5.4088,,<1H OCEAN
-121.89,37.42,26,40,8,52,7,7.7197,,<1H OCEAN
-118.49,34.04,48,2381,345,859,306,8.0257,,<1H OCEAN
-117.26,32.83,24,1663,199,578,187,10.7721,,NEAR OCEAN
-117.57,33.91,22,2620,396,1324,362,5.3735,,INLAND
-122,37.86,18,8953,1074,3011,993,10.7372,,<1H OCEAN
-121.32,37.96,47,1700,344,922,357,3.1845,,INLAND
-117.94,33.86,35,2127,417,1247,378,4.75,,<1H OCEAN
-119.79,36.77,30,1610,410,1000,397,2.0357,,INLAND
-122,37.36,19,2237,433,1158,426,6.7718,,<1H OCEAN
-118.2,33.92,42,1411,314,1432,322,3.0871,,<1H OCEAN
-118.33,34.16,23,1359,428,770,380,3.4016,,<1H OCEAN
-118.24,33.89,34,1479,332,1166,322,2.6165,,<1H OCEAN
-118.36,33.83,35,1378,247,645,217,5.9143,,<1H OCEAN
-115.38,32.81,35,1263,262,950,241,1.8958,,INLAND
-118.12,33.94,35,1813,313,825,316,5.2485,,<1H OCEAN
-121.97,37.3,25,5463,1351,2758,1310,3.0079,,<1H OCEAN
-122.41,37.61,42,1602,262,705,255,5.7398,,NEAR OCEAN
-118.91,36.79,19,1616,324,187,80,3.7857,,INLAND
-121.27,37.95,43,557,165,573,144,1.7212,,INLAND
-117.89,33.76,34,1050,210,723,201,4.8,,<1H OCEAN
-123.2,39.15,27,990,238,592,225,2.0074,,<1H OCEAN
-118.07,34.17,35,2142,373,986,374,5.7051,,INLAND
-120.02,39.24,32,1347,444,825,303,1.8269,,INLAND
-117.29,33.05,28,1146,338,672,292,3.1667,,NEAR OCEAN
-118.39,34.28,24,4694,820,3566,777,4.4818,,<1H OCEAN
-118.24,33.99,28,312,89,498,87,2.4107,,<1H OCEAN
-117.92,33.77,28,3614,960,3282,889,3.522,,<1H OCEAN
-118.16,33.86,26,6607,1663,4066,1558,2.5068,,<1H OCEAN
-122.16,37.71,36,666,132,366,134,3.4643,,NEAR BAY
-118.44,34.21,37,1665,335,1011,343,4.8703,,<1H OCEAN
-117.16,32.73,52,1682,617,873,534,2.0972,,NEAR OCEAN
-117.24,34.15,26,2041,293,936,375,6,,INLAND
-118.03,33.9,36,1143,193,826,188,5.3184,,<1H OCEAN
-118.44,34.06,13,4833,1119,1649,807,6.2389,,<1H OCEAN
-118.28,33.96,23,1983,611,2048,600,1.5313,,<1H OCEAN
-118.04,34.13,35,249,31,268,29,15.0001,,INLAND
-117.89,33.85,18,2036,414,1292,380,3.875,,<1H OCEAN
-121.77,36.93,24,1943,447,1844,461,3.0192,,<1H OCEAN
-122.2,37.35,17,3095,442,1173,424,13.2986,,NEAR BAY
-121.37,38.68,36,1775,296,937,305,3.1786,,INLAND
-117.85,34.06,24,3128,497,1406,472,7.5286,,<1H OCEAN
-122.17,37.73,43,1473,371,1231,341,2.1587,,NEAR BAY
-121.99,38.27,16,4138,758,1762,723,3.1979,,INLAND
-124.16,40.8,52,2416,618,1150,571,1.7308,,NEAR OCEAN
-121.25,38.72,15,6838,941,3166,926,5.2177,,INLAND
-120.45,34.95,10,2207,644,2232,543,2.375,,<1H OCEAN
-117.17,33.34,15,3313,679,1022,564,2.7986,,<1H OCEAN
-118.42,34,33,1139,299,734,257,3.2708,,<1H OCEAN
-119.35,36.52,39,3027,608,2199,592,2.6445,,INLAND
-121.84,37.29,4,2937,648,1780,665,4.3851,,<1H OCEAN
-120.24,37.96,34,1747,395,935,362,1.625,,INLAND
-122.42,37.77,52,4226,1315,2619,1242,2.5755,,NEAR BAY
-118.04,34.08,35,1148,258,975,253,4.037,,<1H OCEAN
-121.53,38.58,33,4988,1169,2414,1075,1.9728,,INLAND
-121.23,37.8,11,2451,665,1155,533,2.2254,,INLAND
-121.79,37.33,18,3611,614,2381,642,5.6345,,<1H OCEAN
-121,37.6,22,4412,925,3116,817,2.6899,,INLAND
-122.47,37.75,49,2747,472,1281,448,5.482,,NEAR BAY
-122.48,37.79,52,1647,236,546,227,9.1881,,NEAR BAY
-117.79,33.7,16,1416,249,636,244,5.1741,,<1H OCEAN
-122.15,37.43,47,2600,490,1149,465,5.0203,,NEAR BAY
-121.32,37.98,20,1591,589,1916,536,1.3531,,INLAND
-118.16,33.84,36,2831,573,1462,569,3.8646,,<1H OCEAN
-121.96,37.76,8,3865,463,1548,432,9.7037,,<1H OCEAN
-122.21,37.8,50,2833,605,1260,552,2.8929,,NEAR BAY
-117.8,34.05,5,4536,1178,2485,909,4.1118,,<1H OCEAN
-121.43,38.61,33,2289,576,1100,503,2.1694,,INLAND
-117.07,32.78,26,3725,623,1516,627,4.7143,,NEAR OCEAN
-122.02,37.58,15,3052,760,2097,728,3.3617,,NEAR BAY
-119.32,36.19,11,1281,291,861,313,1.0962,,INLAND
-122.43,37.79,25,1637,394,649,379,5.0049,,NEAR BAY
-117.91,33.75,8,2346,679,3842,674,3.0635,,<1H OCEAN
-118.13,34.02,38,1243,310,788,286,2.5852,,<1H OCEAN
-118.12,34.7,7,4915,885,2833,874,4.3229,,INLAND
-122.41,37.75,52,2164,606,2034,513,2.0325,,NEAR BAY
-118.26,34.09,51,1532,366,669,333,3.6434,,<1H OCEAN
-122.1,37.39,36,1860,367,794,366,5.0871,,NEAR BAY
-117.43,34.1,34,1345,265,834,290,3.7011,,INLAND
-117.76,33.86,14,3666,442,1400,433,10.1316,,<1H OCEAN
-117.43,33.55,8,446,62,188,68,9.4356,,<1H OCEAN
-121.43,36.5,14,1835,468,1867,461,2.3879,,<1H OCEAN
-117.34,33.94,13,7910,,3382,1176,5.5563,,INLAND
-118.25,33.93,40,975,270,1068,270,0.9889,,<1H OCEAN
-122.5,37.74,45,1771,349,1098,342,3.7552,,NEAR OCEAN
-118.52,34.2,37,1795,346,1082,354,4.9102,,<1H OCEAN
-117.34,34.02,28,2683,708,2047,636,2.275,,INLAND
-118.53,34.03,40,4350,763,1551,665,7.0318,,<1H OCEAN
-118.26,33.9,38,1566,318,981,318,4.0234,,<1H OCEAN
-120.45,34.94,24,1702,447,1240,417,2.4091,,<1H OCEAN
-122.2,37.4,30,2612,338,980,324,10.0481,,NEAR OCEAN
-118.15,34.18,46,2230,488,1985,456,2.2328,,<1H OCEAN
-122.72,38.88,29,2781,,890,310,1.9906,,INLAND
-117.95,33.78,9,3553,1035,2017,986,2.9726,,<1H OCEAN
-122.1,37.41,33,6277,1274,3025,1211,5.4721,,NEAR BAY
-118.3,33.98,44,1597,388,902,321,1.9556,,<1H OCEAN
-117.95,33.7,17,5781,924,2585,915,5.343,,<1H OCEAN
-118.27,34.05,52,1292,864,2081,724,0.9563,,<1H OCEAN
-122.41,37.8,52,1866,748,2957,710,1.8295,,NEAR BAY
-120.84,35.32,17,4197,802,1656,732,3.526,,NEAR OCEAN
-121.93,37.31,26,2182,704,1638,704,2.8981,,<1H OCEAN
-121.44,38.61,33,1591,466,1000,418,1.0467,,INLAND
-118.12,34.11,48,2124,319,785,319,5.2131,,<1H OCEAN
-117.02,32.79,36,2211,384,868,329,4.0491,,<1H OCEAN
-117.21,34.08,5,5749,1385,2382,1088,3.0587,,INLAND
-118.21,34.05,45,2146,607,2868,625,2.121,,<1H OCEAN
-121.22,37.8,37,1038,222,521,211,2.125,,INLAND
-122.45,37.77,52,2645,626,1275,553,3.35,,NEAR BAY
-117.76,34.06,30,1700,504,1719,459,2.227,,INLAND
-118.26,34.02,38,980,285,1308,310,1.5652,,<1H OCEAN
-117.23,32.73,35,2914,683,1562,638,2.5259,,NEAR OCEAN
-118.25,34.23,41,1979,496,1157,459,4.4083,,<1H OCEAN
-118.15,33.78,17,1584,435,904,406,2.0875,,NEAR OCEAN
-117.48,33.91,22,3611,666,1869,649,4.2207,,INLAND
-117.85,33.88,14,4753,681,2138,678,7.3658,,<1H OCEAN
-122.06,38.26,36,1248,221,672,222,3.3839,,INLAND
-117.12,32.7,36,1011,253,763,226,1.8187,,NEAR OCEAN
-121.87,37.35,27,3500,1036,3019,955,2.9222,,<1H OCEAN
-118.15,33.88,24,4232,1092,2688,1035,2.52,,<1H OCEAN
-122.21,37.46,40,1777,207,577,207,15.0001,,NEAR OCEAN
-118.05,34.13,23,3264,729,1475,668,3.735,,INLAND
-119.02,35.43,39,2033,370,956,379,3.1736,,INLAND
-122.42,37.73,52,3230,654,1765,611,3.3333,,NEAR BAY
-121.95,37.24,37,3109,541,1566,544,6.0235,,<1H OCEAN
-122.53,37.97,52,1560,451,700,419,2.5125,,NEAR BAY
-122.21,37.78,44,1729,414,1240,393,2.3125,,NEAR BAY
-117.29,34.15,42,1811,345,856,352,2.9667,,INLAND
-122.28,37.54,24,5114,1357,3169,1268,3.9699,,NEAR OCEAN
-116.52,32.9,18,4454,852,1754,656,4.57,,INLAND
-122.14,37.08,18,2420,439,1278,416,5.2101,,NEAR OCEAN
-118.34,35.27,10,2939,605,1167,446,2.3917,,INLAND
-121.38,38.55,23,2790,430,1407,460,4.3288,,INLAND
-118.32,34.09,32,563,191,626,185,2.0341,,<1H OCEAN
-121.5,38.58,5,761,306,2031,295,0.7526,,INLAND
-120.19,39.35,7,2611,395,482,159,5.0622,,INLAND
-121.44,38.58,42,2334,435,892,446,3.0208,,INLAND
-118.27,34.15,14,1744,536,1494,531,3.2171,,<1H OCEAN
-117.98,34.1,22,5661,1209,5389,1178,3.7727,,INLAND
-115.64,32.8,23,1228,235,569,235,3.1667,,INLAND
-119.73,36.68,32,755,205,681,207,1.7986,,INLAND
-117.69,33.53,17,5041,778,2396,801,6.0868,,<1H OCEAN
-118.3,34.04,50,1757,522,2080,488,1.7225,,<1H OCEAN
-120.68,35.25,16,4208,897,1634,806,2.2868,,NEAR OCEAN
-117.67,33.66,4,10175,2181,4762,1929,4.7341,,<1H OCEAN
-117.66,33.59,18,4552,706,1918,671,7.5791,,<1H OCEAN
-119.25,35.77,35,1618,378,1449,398,1.6786,,INLAND
-122.23,37.78,52,472,146,415,126,2.6429,,NEAR BAY
-122.23,37.46,33,2643,464,1015,427,4.2232,,NEAR OCEAN
-121.57,39.76,20,1384,257,557,232,2.0882,,INLAND
-118.98,35.36,15,1482,338,1059,279,1.2617,,INLAND
-118.32,34.08,46,2038,534,1250,525,2.4196,,<1H OCEAN
-119.71,34.41,31,1034,319,997,308,2.6538,,NEAR OCEAN
-118.43,37.4,19,2460,405,1225,425,4.1576,,INLAND
-117.29,34.12,47,1648,432,1308,385,1.2069,,INLAND
-117.25,33.3,14,2513,351,1151,357,6.3054,,<1H OCEAN
-118.59,34.22,17,6015,1464,3056,1347,4.0077,,<1H OCEAN
-120.51,40.41,36,36,8,4198,7,5.5179,,INLAND
-117.38,34.12,17,5959,1208,4115,1088,2.4053,,INLAND
-118.75,34.28,22,3844,537,1665,492,6.2059,,<1H OCEAN
-118.98,36.06,33,2043,443,1497,417,2.343,,INLAND
-119.69,36.82,15,3303,512,1687,505,4.81,,INLAND
-121.63,39.82,11,3974,727,1610,634,2.6147,,INLAND
-117.03,32.73,38,3174,606,1557,619,3.5861,,NEAR OCEAN
-118.32,33.79,32,2381,467,1264,488,4.1477,,<1H OCEAN
-120.56,35.48,12,4161,731,1609,615,5.0947,,<1H OCEAN
-118.06,33.86,16,5603,938,3045,893,5.0778,,<1H OCEAN
-118.21,33.94,34,892,318,1443,341,2.1903,,<1H OCEAN
-118.01,33.88,19,1434,391,1088,341,3.369,,<1H OCEAN
-118.33,33.91,39,1224,312,1106,333,3.3491,,<1H OCEAN
-117.19,33.69,3,6484,1037,3295,1074,4.5881,,<1H OCEAN
-122.48,37.75,49,2203,407,1052,405,4.4375,,NEAR BAY
-122.42,37.8,52,1777,486,932,427,3.3643,,NEAR BAY
-118.39,34.17,26,3345,818,1599,773,3.3516,,<1H OCEAN
-121.37,38.42,18,2643,502,1755,541,3.3281,,INLAND
-124.14,40.78,35,2426,423,982,432,3.4219,,NEAR OCEAN
-117.47,33.98,8,12106,1913,5810,1717,4.9886,,INLAND
-122.41,37.75,52,3065,622,1405,606,3.7813,,NEAR BAY
-119.29,36.3,20,1157,179,572,191,5.3495,,INLAND
-122.22,38.07,4,15654,2394,7025,2168,5.8171,,NEAR BAY
-120.23,37.86,16,324,61,135,61,2.4615,,INLAND
-117.82,34.12,26,3118,528,1546,545,5.27,,INLAND
-114.65,32.79,21,44,33,64,27,0.8571,,INLAND
-122.19,37.71,36,361,69,158,58,5.5461,,NEAR BAY
-118.45,37.37,26,3135,524,1385,523,4.337,,INLAND
-119.63,36.33,14,2928,600,1633,559,1.8385,,INLAND
-122.01,36.98,47,2403,517,1144,455,2.5954,,NEAR OCEAN
-118.2,33.93,40,1929,417,1780,419,3.4402,,<1H OCEAN
-118.5,34.16,34,3547,523,1187,500,7.139,,<1H OCEAN
-117.78,34.13,18,7798,1161,3710,1227,5.8819,,INLAND
-121.91,36.62,40,1292,271,504,230,2.475,,<1H OCEAN
-118.18,33.87,38,2664,626,1627,604,3.7527,,<1H OCEAN
-118.44,33.79,27,2141,260,635,240,11.6648,,NEAR OCEAN
-122.05,37.38,24,2424,501,1367,507,4.072,,<1H OCEAN
-118.26,34,37,2615,697,2484,630,1.9208,,<1H OCEAN
-118.19,34.02,40,474,124,546,121,2.3438,,<1H OCEAN
-121.21,38.75,11,4552,639,2006,623,4.3962,,INLAND
-117.63,33.62,9,4257,785,1293,745,3.7139,,<1H OCEAN
-121.71,38.72,32,710,155,550,154,2.8882,,INLAND
-117.2,33.24,12,4992,,2106,801,6.2079,,<1H OCEAN
-121.65,39.32,40,812,154,374,142,2.7891,,INLAND
-118.37,34.21,36,1392,326,1181,303,3.1563,,<1H OCEAN
-118.25,34.01,43,1575,475,1980,469,1.7425,,<1H OCEAN
-117.79,35.21,4,2,2,6,2,2.375,,INLAND
-118.24,34.03,52,142,47,137,45,1.8333,,<1H OCEAN
-120.99,37.66,46,1750,347,754,356,2.9137,,INLAND
-117.01,32.81,26,4499,645,1866,626,5.516,,<1H OCEAN
-122.43,37.77,52,2416,620,1188,591,2.3887,,NEAR BAY
-117.98,33.67,7,5664,1174,2493,1101,5.8252,,<1H OCEAN
-118.43,33.99,43,2483,548,1212,493,4.0189,,<1H OCEAN
-122.19,39.91,39,2467,529,1433,502,1.8571,,INLAND
-118.28,34,48,1514,376,1353,344,2.1607,,<1H OCEAN
-118.15,34.11,52,1000,192,363,158,4.2981,,<1H OCEAN
-121.99,36.98,40,1104,224,669,215,4.3409,,NEAR OCEAN
-117.42,34.1,18,3977,809,2231,742,4.1399,,INLAND
-122.5,37.74,44,2527,518,1434,444,3.875,,NEAR OCEAN
-122.26,37.5,24,2307,510,842,507,3.6111,,NEAR OCEAN
-117.07,33.03,15,1095,158,361,176,6.8099,,<1H OCEAN
-122.72,38.45,41,1743,373,780,357,3.1467,,<1H OCEAN
-122.86,38.42,38,1166,223,584,225,3.6667,,<1H OCEAN
-118.12,33.96,38,1301,264,877,275,4.625,,<1H OCEAN
-119.19,34.22,26,3175,736,2460,775,3.125,,NEAR OCEAN
-121.7,38.65,22,1360,282,808,229,2.4167,,INLAND
-119.68,36.81,16,2668,454,1536,457,3.9792,,INLAND
-122.61,38.24,25,2990,450,1335,434,4.7,,<1H OCEAN
-117.13,32.92,16,1565,257,893,239,5.5036,,<1H OCEAN
-115.58,32.78,5,2494,414,1416,421,5.7843,,INLAND
-121.28,38.14,38,2803,500,1223,509,4.119,,INLAND
-117.24,33.36,11,2786,480,1250,450,4.5,,<1H OCEAN
-120.94,40.14,31,3127,664,1345,580,1.5774,,INLAND
-122.38,41.43,45,2245,448,1155,421,1.6509,,INLAND
-122.04,37.99,36,2765,495,1478,441,4.125,,NEAR BAY
-121.81,38.84,37,352,65,238,67,2.8542,,INLAND
-122.31,37.56,45,1685,321,815,314,4.2955,,NEAR OCEAN
-122.04,37.33,22,4011,963,2206,879,4.5721,,<1H OCEAN
-122.64,38.25,31,2554,515,1507,533,3.8,,<1H OCEAN
-118.27,34.16,15,5036,1299,3164,1175,2.9148,,<1H OCEAN
-117.06,32.71,11,2397,523,1566,514,3.8687,,NEAR OCEAN
-117.93,33.69,19,2602,439,1156,424,5.01,,<1H OCEAN
-118.11,34.01,41,815,252,775,231,2.2847,,<1H OCEAN
-118.23,34.09,41,438,201,690,161,2.0476,,<1H OCEAN
-122.03,37.03,21,4650,733,2014,704,5.6233,,NEAR OCEAN
-118.2,33.94,44,1413,298,1200,307,3.5125,,<1H OCEAN
-118.41,33.93,22,2514,605,1225,568,4.1818,,<1H OCEAN
-118.2,33.94,45,1818,408,1705,373,4.0441,,<1H OCEAN
-122.87,38.61,23,2676,521,1456,500,3.7361,,<1H OCEAN
-118.04,34.04,32,1619,323,1492,342,3.5,,<1H OCEAN
-122.36,37.92,52,215,41,126,43,1.3929,,NEAR BAY
-122.09,37.86,27,5484,760,2212,770,7.6202,,NEAR BAY
-117.23,33.83,2,1424,251,681,192,4.0833,,INLAND
-118.38,34.04,31,2846,727,2120,672,2.7226,,<1H OCEAN
-118.19,34.02,44,2702,770,3260,721,2.3575,,<1H OCEAN
-122,38.36,34,2735,539,1390,491,2.7262,,INLAND
-116.99,32.71,21,3049,582,2355,585,3.8904,,NEAR OCEAN
-121.78,37.68,17,3112,872,1392,680,3.0222,,INLAND
-120.95,39.93,26,2023,385,922,365,2.8125,,INLAND
-118.02,33.84,35,3473,563,2091,580,4.4821,,<1H OCEAN
-117.31,34.04,5,2785,577,1310,536,3.39,,INLAND
-122.21,37.84,34,3038,490,1140,496,7.0548,,NEAR BAY
-121.85,36.6,41,3138,717,1890,642,2.4864,,<1H OCEAN
-118.11,34.08,42,3172,644,1829,642,3.3966,,<1H OCEAN
-117.97,33.83,16,2035,564,1118,503,3.2546,,<1H OCEAN
-121.96,37.03,17,1343,203,511,185,4.625,,NEAR OCEAN
-116.97,32.79,32,1255,338,782,302,2.6635,,<1H OCEAN
-119.78,36.8,34,3426,623,1938,647,2.8994,,INLAND
-118.43,34.16,40,1134,184,452,187,4.569,,<1H OCEAN
-122.08,37.3,30,2268,404,1197,372,7.0813,,<1H OCEAN
-118.36,34.07,48,1740,360,748,357,4.7019,,<1H OCEAN
-121.62,39.15,36,2321,455,1168,489,3.0962,,INLAND
-118.41,34,35,684,161,381,159,2.8393,,<1H OCEAN
-118.14,33.79,23,2573,688,1478,604,3.4833,,NEAR OCEAN
-122.21,37.38,28,4518,578,1489,559,11.3176,,NEAR OCEAN
-118.04,33.75,16,3757,650,1291,614,5.2001,,<1H OCEAN
-117.09,33.03,17,2786,396,1228,396,6.4211,,<1H OCEAN
-121.38,36.85,13,4115,782,2903,747,3.7316,,INLAND
-122.1,37.66,36,1305,225,768,234,4.275,,NEAR BAY
-118.22,33.86,16,8732,1489,3944,1493,5.1948,,<1H OCEAN
